ref_info,ref_number,Authors,Title,Publication,Volume,Number,Pages,Year,Publisher,notes
"King I., Childs M.T., Dorsett C., Ostrander J.G., Monsen E.R. (1990). Shellfish: Proximate composition, minerals, fatty acids, and sterols. Journal of the American Dietetic Association 90(5): 677-685",81,"King, I; Childs, MT; Dorsett, C; Ostrander, JG; Monsen, ER; ","Shellfish: proximate composition, minerals, fatty acids, and sterols.",Journal of the American Dietetic Association,90,5,677-685,1990,,
Stansby M.E. (1976). Chemical characteristics of fish caught in the Northeast Pacific Ocean. Marine Fisheries Review 38(9): 1-11,189,"Stansby, Maurice E; ",Chemical characteristics of fish caught in the northeast Pacific Ocean,Marine Fisheries Review,38,9,11-Jan,1976,,
"Kamal D., Khan A.N., Rahman M.A., Ahamed F. Biochemical composition of some small indigenous fresh water fishes from the River Mouri, Khulna, Bangladesh (2007) Pakistan Journal of Biological Sciences, 10(9), 1559-1561",73,"Kamal, D; Khan, AN; Rahman, MA; Ahamed, F; ","Biochemical composition of some small indigenous fresh water fishes from the River Mouri, Khulna, Bangladesh.",Pakistan journal of biological sciences: PJBS,10,9,1559-1561,2007,,
"Oku T. Sugawara A., Choudhury M., Komatsu M., Yamada S., Ando S. (2009). Lipid and fatty acid compositions differntiate between wild and cultured Japanese eel (Anguilla japonica). Food Chemistry 115: 436-440",130,"Oku, Takahiro; Sugawara, Akira; Choudhury, Malay; Komatsu, Masaharu; Yamada, Shoji; Ando, Seiichi; ",Lipid and fatty acid compositions differentiate between wild and cultured Japanese eel (Anguilla japonica),Food Chemistry,115,2,436-440,2009,Elsevier,
"Otwell W.S., Rickards W.L. (1981/1982). Cultured and wild American eels, Anguilla rostrata: fat content and fatty acid composition. Aquaculture 26: 67-76",142,"Otwell, W Steven; Rickards, William L; ","Cultured and wild American eels, Anguilla rostrata: fat content and fatty acid composition",Aquaculture,26,02-Jan,67-76,1981,Elsevier,
"Rosa R., Nunes M.L. (2003). Nutritional quality of red shrimp, Aristeus antennatus (Risso), pink shrimp, Parapenaeus longirostris (Lucas), and Norway lobster, Nephrops norvegicus (Linnaeus). Journal of the Science of Food and Agriculture 84: 89-94",173,"Rosa, Rui; Nunes, Maria L; ","Nutritional quality of red shrimp, Aristeus antennatus (Risso), pink shrimp, Parapenaeus longirostris (Lucas), and Norway lobster, Nephrops norvegicus (Linnaeus)",Journal of the Science of Food and Agriculture,84,1,89-94,2004,Wiley Online Library,
"Papan F., Moghaddam A.Z. (2008). Nutritional evaluation of some species of fishes in Khuzestan and determination of the amount of soy bean meal used in the fish food formula on the basis of its isoflavone content. Journal of Biological Sciences 8(3): 667-670",155,"Papan, F; Moghaddam, AZ; ",Nutritional evaluation of some species of fishes in Khuzestan and determination of the amount of soy bean meal used in the fish food formula on the basis of its isoflavone content,,,,,2008,"Asian Network for Scientific Information, Pakistan",
"De Souza Franco M.L.R., Viegas E.M.M., Kronka S.N., Vidotti R.M., Assano M., Gasparino E. (2010). Effects of hot and cold smoking process on organoleptic properties, yield and composition of matrinxa fillet. Revista Brasilerira de Zootecnia 39(4):695-700",37,"Franco, Maria Luiza Rodrigues de Souza; Viegas, Elisabete Maria Macedo; Kronka, S_rgio Nascimento; Vidotti, Rose Meire; Assano, Marcelo; Gasparino, Eliane; ","Effects of hot and cold smoking processes on organoleptic properties, yield and composition of matrinxa fillet",Revista Brasileira de Zootecnia,39,4,695-700,2010,SciELO Brasil,paperpile
"Moreira A.B., Visentainer J.V., de Souza N.E., Matsushita M. (2001). Fatty acid profile and cholesterol contents of three Brazilian Brycon freshwater fishes. Journal of Food Composition and Analysis 14:565-574",119,"Moreira, Altair B; Visentainer, Jesu__ V; de Souza, Nilson E; Matsushita, Makoto; ",Fatty acids profile and cholesterol contents of three Brazilian Brycon freshwater fishes,Journal of food composition and analysis,14,6,565-574,2001,Elsevier,
"Õ_zden Õ_., Erkan N., Ulusoy S.(2009). Seasonal variations in the macronutrient mineral and proximate composition of two clams (Chamelea gallina and Donax trunculus). International Journal of Food Sciences and Nutrition 60: 402 - 412",146,"Äzden, Äzkan; Erkan, Nuray; Ulusoy, _afak; ",Seasonal variations in the macronutrient mineral and proximate composition of two clams (Chamelea gallina and Donax trunculus),International journal of food sciences and nutrition,60,5,402-412,2009,Taylor & Francis,
"Õ_zyrt G., Polat A. (2006). Amino acid and fatty acid composition of wild sea bass (Dicentrarchus labrax): a seasonal differentiation. Eur Food Res Technol 222: 316-320",152,"Äzyurt, G™ls™n; Polat, Abdurrahman; ",Amino acid and fatty acid composition of wild sea bass (Dicentrarchus labrax): a seasonal differentiation,European Food Research and Technology,222,04-Mar,316-320,2006,Springer,
"Ozogul Y., Duysak O., Ozogul F., Õ_zkÕ_tÕ_k A.S., TÕ_reli C. (2008). Seasonal effects in the nutritional quality of the body structural tissue of cephalopods. Food Chemistry 108: 847-852",148,"Ozogul, Yesim; Duysak, Onder; Ozogul, Fatih; Äzk™t™k, Ali Serhat; T™reli, Canan; ",Seasonal effects in the nutritional quality of the body structural tissue of cephalopods,Food Chemistry,108,3,847-852,2008,Elsevier,
"Blanco Metzler A., Montero Campos M. (1992). Composicion quimico - nutricional de la carne de cambute, Strombus galeatus (Mesogastropodia: Strombidae). Rev. Biol. Trop. 40: 89 - 93",21,"Metzler, A Blanco; Campos, M Montero; ","Composici—n qu’mico-nutricional de la carne de cambute, Strombus galeatus (Mesogastropoda: Strombidae)",Revista de Biolog’a Tropical,,,89-93,1992,,paperpile
"Lapa - Guimaraes J., De Felicio P. E., Guzman E.S.C. (2005). Chemical and microbial analyses of squid muscle (Loligo plei) during storage in ice. Food Chemistry. 91: 477 - 483",90,"Lapa-Guimar es, Judite; de Felêcio, Pedro Eduardo; Guzmön, Emêlio Segundo Contreras; ",Chemical and microbial analyses of squid muscle (Loligo plei) during storage in ice,Food chemistry,91,3,477-483,2005,Elsevier,
Laxmilatha P. (2009). Proximate composition of the surf clam Mactra violacea (Gmelin 1791). Indian J. Fish. 56(2): 147-150,92,"Laxmilatha, P; ",Proximate composition of the surf clam Mactra violacea (Gmelin 1791),Indian Journal of Fisheries,56,2,147-150,2009,CMFRI; Kochi,
"Biandolino F., Portacci G., Prato E. (2010). Influence of natural diet on growth and biochemical composition of Octopus vulgaris Cuvier, 1797. Aqucult Int 18: 1163-1175",19,"Biandolino, Francesca; Portacci, Giuseppe; Prato, Ermelinda; ","Influence of natural diet on growth and biochemical composition of Octopus vulgaris Cuvier, 1797",Aquaculture international,18,6,1163-1175,2010,Springer,
"GonzÕçlez M.J., Gallardo J.M., Brickle P., Medina I. (2007).Nutritional composition and safety of Patagonothothen ramsayi, a discard species from Patagonian Shelf. International Journal of Food Science and Technology 42: 1240-1248",56,"Gonzölez, Marêa Jes“s; Gallardo, Jose Manuel; Brickle, Paul; Medina, Isabel; ","Nutritional composition and safety of Patagonotothenramsayi, a discard species from Patagonian Shelf",International journal of food science & technology,42,10,1240-1248,2007,Wiley Online Library,
"Tanamati A., Stevanato F.B., Visentainer J.E.L., Matsushita M., de Souza N.E., Visentainer J.V. (2009). Fatty acid composition in wild and cultivated pacu and pintado fish. Eur. J. Lipid Sci. Technol. 111:183-187",195,"Tanamati, Augusto; Stevanato, Flövia Braidotti; Visentainer, Jeane Eliete Laguila; Matsushita, Makoto; de Souza, Nilson Evelözio; Visentainer, Jesuê Vergêlio; ",Fatty acid composition in wild and cultivated pacu and pintado fish,European Journal of Lipid Science and Technology,111,2,183-187,2009,Wiley Online Library,
"Musaiger A.O., Al-Rumaidh M.J. (2005). Proximate and mineral composition of crab meat consumed in Bahrain. International Journal of Food Sciences and Nutrition 56(4): 231-235",120,"Musaiger, > Abdulrahman O; Al-Rumaidh, Mohammed J; ",Proximate and mineral composition of crab meat consumed in Bahrain,International journal of food sciences and nutrition,56,4,231-235,2005,Taylor & Francis,
"Õ_ksÕ_z A., KÕ_Õ_Õ_kgÕ_lmez A., Diler A., Celik M., Koyuncu E. (2009). Research note: A comparison of the chemical composition of zander (Sander lucioperca) living in different lakes in Turkey. Journal of Muscle Foods 20: 420-427",129,"ÄKSæZ, ABDULLAH; KæäæKGæLMEZ, AYGæL; Diler, Abdullah; Celik, Mehmet; Koyuncu, Esra; ",Research note: A comparison of the chemical composition of zander (Sander lucioperca) living in different lakes of Turkey,Journal of Muscle Foods,20,4,420-427,2009,Wiley Online Library,
"JimÕ©nez-Arce G. (1993). ComposiciÕ_n quÕ_mico-nutricional en diferentes tallas y sexos del cambute, Strombus gracilior (Mesogastropoda: Strombidae) de Playa PanamÕç, Costa Rica. Rev. Biol. Trop. 41(3): 345-349",70,"Jim_nez-Arce, G; ","Chemical and nutritional composition in the marine snail Strombus gracilior (Mesogastropoda: Strombidae) of various sizes and sexes in Playa Panamö, Costa Rica",Revista de biologia tropical,41,3A,345-349,1993,,
"Ramos Filho M.M., Ramos M.I.L., Hiane P.R., De Souza E.M.T. (2010) Nutritional value of seven freshwater fish species from the Brazilian Pantanal. J Am Oil Chem Soc 87: 1461-1467",164,"Ramos Filho, Manoel Mendes; Ramos, Maria Isabel Lima; Hiane, Priscila Aiko; de Souza, Elizabeth Maria Talö; ",Nutritional value of seven freshwater fish species from the Brazilian Pantanal,Journal of the American Oil Chemists' Society,87,12,1461-1467,2010,Springer,
"GÕ_ner S., Dincer B., Alemdag N., Colak A., TÕ_fekci M. (1998). Proximate composition and selected mineral content of commercially important fish species from the Black Sea. J Sci Food Agri 78: 337-342",60,"G™ner, Saadettin; Dincer, Barbaros; Alemdag, Nigar; Colak, Ahmet; T™fekci, Mehmet; ",Proximate composition and selected mineral content of commercially important fish species from the Black Sea,Journal of the Science of Food and Agriculture,78,3,337-342,1998,Wiley Online Library,
"Bogard, J.R., Thilsted, S.H., Marks, G.C., Wahab, M.A., Hossain, M.A., Jakobsen, J. and Stangoulis, J., 2015. Nutrient composition of important fish species in Bangladesh and potential contribution to recommended nutrient intakes. Journal of Food Composition and Analysis, 42, pp.120-133.",22,"Bogard, Jessica R; Thilsted, Shakuntala H; Marks, Geoffrey C; Wahab, Md Abdul; Hossain, Mostafa AR; Jakobsen, Jette; Stangoulis, James; ",Nutrient composition of important fish species in Bangladesh and potential contribution to recommended nutrient intakes,Journal of Food Composition and Analysis,42,,120-133,2015,Elsevier,
"Bandarra N.M., Batista I., Nunes M.L. (2009). Chemical composition and nutritional value of raw and cooked black scabbardfish (Aphanopus carbo). Scientia Marina 73(S2): 105-113",11,"Bandarra, Narcisa Maria; Batista, Irineu; Nunes, Mari Leonor; ",Chemical composition and nutritional value of raw and cooked black scabbardfish (Aphanopus carbo),Scientia Marina,73,S2,105-113,2009,,
"Jahncke M.L.,Gooch J.A. (1997). Sensory and chemical characteristics of selected Gulf of Mexico coastal herring species. Journal of Food Science 62(3): 626-631",67,"JAHNCKE, MICHAEL L; GOOCH, JANET A; ",Sensory and chemical characteristics of selected Gulf of Mexico coastal herring species,Journal of food science,62,3,626-631,1997,Wiley Online Library,
"Bono G., Gai G., Peiretti P.G., Badalucco C., Brugiapaglia A., Siragusa G., Palmegiano G.B. (2012). Chemical and nutritional characterisation of the Central Mediterranean giant red shrimp (Aristaeomorpha foliacea): influence of trophic and geographical factors on flesh quality. Food Chemistry 130: 104-110",23,"Bono, G; Gai, Francesco; Peiretti, PG; Badalucco, C; Brugiapaglia, Alberto; Siragusa, G; Palmegiano, GB; ",Chemical and nutritional characterisation of the Central Mediterranean Giant red shrimp (Aristaeomorpha foliacea): Influence of trophic and geographical factors on flesh quality,Food Chemistry,130,1,104-110,2012,Elsevier,paperpile
"Bouriga N., Selmi S., Faure E., Trabelsi M. (2010). Biochemical composition of three Tunisian silverside (fish) populations caught in open sea, lagoon and island coasts. African Journal of Biotechnology 9(26): 4114-4119",24,"Bouriga, Nawzet; Selmi, Salah; Faure, Eric; Trabelsi, Monia; ","Biochemical composition of three Tunisian silverside (fish) populations caught in open sea, lagoon and island coasts",African Journal of Biotechnology,9,26,4114-4119,2010,,
"Kalogeropoulos N., Andrikopoulos N.K., Hassapidou M. (2004). Dietary evalutation of Mediterranean fish and molluscs pan-fried in virgin olive oil. Journal of the Science of Food and Agriculture 84:1750-1758",72,"Kalogeropoulos, Nick; Andrikopoulos, Nikolaos K; Hassapidou, Maria; ",Dietary evaluation of Mediterranean fish and molluscs pan_fried in virgin olive oil,Journal of the Science of Food and Agriculture,84,13,1750-1758,2004,Wiley Online Library,
"Selmi S., Bouriga N., Cherif M., Toujani M., Trabelsi M. (2010). Effects of drying process on a biochemical and microbiological quality of silverside (fish) Atherina lagunae. International Journal of Food Science & Technology 45: 1161 - 1168.",180,"Selmi, Salah; Bouriga, Nawzet; Cherif, Mourad; Toujani, Mohsen; Trabelsi, Monia; ",Effects of drying process on biochemical and microbiological quality of silverside (fish) Atherina lagunae,International journal of food science & technology,45,6,1161-1168,2010,Wiley Online Library,
"Castro-GonzÕçlez M.I., Ojeda A., Silncio J.L., Cassis L., Ledesma H., PÕ©rez-Gil F. (2004). Perfil lipÕ_dico de 25 pescados marinos mexicanos con especial Õ©nfasis en sus Õçcidos grasos n-3 como components nutracÕ©uticos. Archivos Latinoamericanos de NutricÕ_on 54(3): 328-336",28,"Castro-Gonzölez, Marêa Isabel; Ojeda, LQA; Silencio, MC; Cassis, QFB; Ledesma, QFB; P_rez-Gil, Fernando; ",Perfil lipêdico de 25 pescados marinos mexicanos con especial _nfasis en sus öcidos grasos n-3 como componentes nutrac_uticos,Archivos latinoamericanos de nutricion,54,3,328-336,2004,Archivos Latinoamericanos de Nutriciãn,
"MÕ©ndez E., GonzÕçlez R.M., Inocente G., Giudice H., Grompone M.A. (1996). Lipid content and fatty acid composition of fillets of six fishes from the Rio de la Plata. Journal of Food Composition and Analysis 9: 163-170",117,"M_ndez, Eduardo; Gonzölez, Ruth M; Inocente, Gustavo; Giudice, Horacio; Grompone, Mar__a A; ",Lipid content and fatty acid composition of fillets of six fishes from the Rio de la Plata,Journal of Food Composition and Analysis,9,2,163-170,1996,Elsevier,
"Lytle J.S., Lytle T.F. (1994). Fatty acid and cholesterol content of sharks and rays. Journal of Food Composition and Analysis 7: 110-118",100,"Lytle, Julia S; Lytle, Thomas F; ",Fatty acid and cholesterol content of sharks and rays,Journal of Food Composition and Analysis,7,02-Jan,110-118,1994,Elsevier,
"ÕÉkland H.M.W., Stoknes I.S., Remme J.F., Kjerstad M., Synnes M. (2005). Proximate composition, fatty acid and lipid class composition of the muscle from deep-sea teleosts and elasmobranchs. Comp Biochem Physiolog B 140: 437-443",128,"Àkland, Hege MW; Stoknes, Iren S; Remme, Jannicke F; Kjerstad, Margareth; Synnes, Marianne; ","Proximate composition, fatty acid and lipid class composition of the muscle from deep-sea teleosts and elasmobranchs",Comparative Biochemistry and Physiology Part B: Biochemistry and Molecular Biology,140,3,437-443,2005,Elsevier,
"CÕ_rser P.I., Ferrari G.T., De Martinez Y.B. (2000). AnÕçlisis proximal, perfil de Õçcidos grasos, aminoÕçcidos esenciales y contendido de minerales en doce especies de pescado de importancia comercial en Venezuela. Archivos Latinoamericanos de Nutritcion 50(2): 187-194",35,"Izquierdo Cãrser, Pedro; Torres Ferrari, Gabriel; Barboza de Martênez, Yasmina; Mörquez Salas, Enrique; Allara Cagnasso, Marêa; ","Anölisis proximal, perfil de öcidos grasos, aminoöcidos esenciales y contenido de minerales en doce especies de pescado de importancia comercial en Venezuela",Archivos Latinoamericanos de Nutriciãn,50,2,187-194,2000,Archivos Latinoamericanos de Nutriciãn,
"Orban E., Di Lana G., Nevigato T., Casini I., Caproni R., Santaroni G., Giulini G. (2006). Nutritional and commercial quality of the striped venus clam, Chamelea gallina, from the Adriatic sea. Food Chemistry 101: 1063-1070",133,"Orban, Elena; Di Lena, Gabriella; Nevigato, Teresina; Casini, Irene; Caproni, Roberto; Santaroni, Generoso; Giulini, Giuliana; ","Nutritional and commercial quality of the striped venus clam, Chamelea gallina, from the Adriatic sea",Food Chemistry,101,3,1063-1070,2007,Elsevier,
"Nurhasan M., Maehre H.K., Malde M.K., Stormo S.K., Halwart M., James D., Elvevoll E.O. (2010). Nutritional composition of aquatic species inLaotian rice field systems. Journal of Food Composition and Analysis 23:205-213",125,"Nurhasan, Mulia; Maehre, Hanne K; Malde, Marian Kjellevold; Stormo, Svein K; Halwart, Matthias; James, David; Elvevoll, Edel O; ",Nutritional composition of aquatic species in Laotian rice field ecosystems,Journal of Food Composition and Analysis,23,3,205-213,2010,Elsevier,
"KÕ_Õ_Õ_kgÕ_lmez A., Celik M., Ersoy B., Yanar Y. (2010). Effects of season on proximate and fatty acid composition of two mediterranean fish - the round herring (Etrumeus teres) and tub gurnard (Chelidonichthys lucernus). International Journal of Food Science and Technology 45: 1056-1060",83,"K™ç™kg™lmez, Ayg™l; Celik, Mehmet; Ersoy, Beyza; Yanar, Yasemen; ",Effects of season on proximate and fatty acid compositions of two mediterranean fish_the round herring (Etrumeus teres) and tub gurnard (Chelidonichthys lucernus),International journal of food science & technology,45,5,1056-1060,2010,Wiley Online Library,
"Usydus Z., Szlinder-Richert J., Adamczyk M., Szatkowska U. (2011). Marine and farmed fish in the Polish market: Comparison of the nutritional value. Food Chemistry 126: 78-84",201,"Usydus, Zygmunt; Szlinder-Richert, Joanna; Adamczyk, Maria; Szatkowska, Urszula; ",Marine and farmed fish in the Polish market: Comparison of the nutritional value,Food Chemistry,126,1,78-84,2011,Elsevier,
"Belinsky D.L., Kuhnlein H.V., Yeboah F., Penn A.F., Chan H.M. (1996) Composition of fish consumed by the James Bay Cree.J Food Comp Anal 9: 148-162",16,"Belinsky, DL; Kuhnlein, HV; Yeboah, F; Penn, AF; Chan, HM; ",Composition of fish consumed by the James Bay Cree,Journal of Food Composition and Analysis,9,2,148-162,1996,Elsevier,
"Orban E., Masci M., Nevigato T., Di Lena G., Casini I., Caproni R., Gambelli L., De Angelis P., Rampacci M. (2006). Nutritional quality and safety of whitefish (Coregonus lavaretus) from Italian lakes. Journal of Food Composition and Analysis 19: 737-746",134,"Orban, Elena; Masci, Maurizio; Nevigato, Teresina; Di Lena, Gabriella; Casini, Irene; Caproni, Roberto; Gambelli, Loretta; De Angelis, Paola; Rampacci, Massimo; ",Nutritional quality and safety of whitefish (Coregonus lavaretus) from Italian lakes,Journal of Food Composition and Analysis,19,07-Jun,737-746,2006,Elsevier,
"Turan H., Kaya Y. Erdem M.E. (2011). Proximate composition, cholesterol and fatty acid content of brown shrimp (Crangon crangon, L. 1758) from Sinop region, Black Sea. Journal of Aquatic Food Product Technology 20:100-107",199,"Turan, H™lya; Kaya, Yalçin; Erdem, M Emin; ","Proximate composition, cholesterol, and fatty acid content of brown shrimp (Crangon crangon L. 1758) from Sinop Region, Black Sea",Journal of Aquatic Food Product Technology,20,1,100-107,2011,Taylor & Francis,
"Martino R.C., Da Cruz G.M. (2004). Proximate Composition and Fatty Acid Content of the Mangrove Crassostrea rhizophorae along the year seasons. Brazilian Archives of Biology and Technology 47: 955 - 960",109,"Martino, Ricardo Cavalcanti; Cruz, Gracinda Maria da; ",Proximate composition and fatty acid content of the mangrove oyster Crassostrea rhizophorae along the year seasons,Brazilian Archives of Biology and Technology,47,6,955-960,2004,SciELO Brasil,
"Wu T., Mao L. (2008). Influences of hot air drying and microwave drying on nutritional and odorous properties of grass carp (Ctenophayngodon idellus) fillets. Food Chemistry 110: 647-653",208,"Wu, Tao; Mao, Linchun; ",Influences of hot air drying and microwave drying on nutritional and odorous properties of grass carp (Ctenopharyngodon idellus) fillets,Food chemistry,110,3,647-653,2008,Elsevier,
"Dincer T., Cakli S., Cadun A. (2010). Comparison of proximate and fatty acid composition of the flesh of wild and cultured fish species. Arch Lebensmittelhyg 61: 12-17",41,"Dincer, Tolga; Cakli, Sukran; Cadun, Asli; ",Comparison of proximate and fatty acid composition of the flesh of wild and cultured fish species.,Archiv f™r Lebensmittelhygiene,61,1,17-Dec,2010,Presse Dienstleistungsgesellschaft mbH & Co. KG,
"Steiner-Asiedu M., Julshamn K., Lie ÕÉ. (1991). Effect of local processing methods (cooking, frying and smoking) on three fish species from Ghana: Part I. Proximate composition, fatty acids, minerals, trace elements and vitamins. Food Chemistry 40:309-321",190,"Steiner-Asiedu, Matilda; Julshamn, Kfire; Lie, Oyvind; ","Effect of local processing methods (cooking, frying and smoking) on three fish species from Ghana. I. Proximate composition, fatty acids, minerals, trace elements and vitamins",Food Chemistry,,,,1991,,
"Alasalvar C., Taylor K.D.A., Yubcov E., Shahidi F., Alexis M. (2002). Differentiation of cultured and wild sea bass (Dicentrarchus labrax): total lipid content, fatty acid and trace mineral composition. Food Chemistry 79: 145-150",3,"Alasalvar, C; Taylor, KDA; Zubcov, E; Shahidi, F; Alexis, M; ","Differentiation of cultured and wild sea bass (Dicentrarchus labrax): total lipid content, fatty acid and trace mineral composition",Food chemistry,79,2,145-150,2002,Elsevier,
Tawfik M.S. (2009). Proximate composition and fatty acid profiles in most common available fish species in saudi market. Asian Journal of Clinical Nutrition 1(1): 50-57,196,"Tawfik, Manal S; ",Proximate composition and fatty acids profiles in most common available fish species in Saudi market.,Asian Journal of Clinical Nutrition,1,1,50-57,2009,"ANSInet, Asian Network for Scientific Information",
"Wu X., Cheng Y., Sui L., Yang X., Nan T., Wang J. (2007). Biochemical composition of pond-reared and lake-stocked Chinese mitten crab Eriocheir sinensis (H. Milne-Edwards) broodstock. Aquaculture Research 38: 1459-1567",209,"Wu, Xugan; Cheng, Yongxu; Sui, Liying; Yang, Xiaozhen; Nan, Tianzuo; Wang, Jinqing; ",Biochemical composition of pond_reared and lake_stocked Chinese mitten crab Eriocheir sinensis (H. Milne_Edwards) broodstock,Aquaculture Research,38,14,1459-1467,2007,Wiley Online Library,
"Polat A., Kuzu S. Õ_zyurt G., Tokur B. (2009). Fatty acid composition of red mullet (Mullus barbatus): a seasonal differntiation. Journal of Muscle Foods 20:70-78",161,"Polat, Abdurrahman; Kuzu, Solmaz; Oezyurt, Guelsuen; Tokur, Bahar; ",Fatty acid composition of red mullet (Mullus barbatus): a seasonal differentiation,Journal of Muscle Foods,20,1,70-78,2009,Wiley Online Library,
"Zarai Z., Frikha F., Balti R. Miled N., Gargouri Y. Mejdoub H. (2011). Nutrient composition of the marine snail (Hexaplex trunculus) from the Tunisian Mediterranean coast. J Sci Food Agric 91: 1265-1270",214,"Zarai, Zied; Frikha, Fakher; Balti, Rafik; Miled, Nabil; Gargouri, Youssef; Mejdoub, Hafedh; ",Nutrient composition of the marine snail (Hexaplex trunculus) from the Tunisian Mediterranean coasts,Journal of the Science of Food and Agriculture,91,7,1265-1270,2011,Wiley Online Library,
"Barrento S., Marques A., Teixeira B., Vaz-Pires P., Nunes M.L. (2009). Nutritional Quality of the edible tissues of Euripean Lobster Homarus gammarus and American Lobster Homarus Americanus. Journal of Agricultural and Food Chemistry 57: 3645 - 3652",14,"Barrento, Sara; Marques, Antonio; Teixeira, Barbara; Vaz-Pires, Paulo; Nunes, Maria Leonor; ",Nutritional quality of the edible tissues of European lobster Homarus gammarus and American lobster Homarus americanus,Journal of agricultural and food chemistry,57,9,3645-3652,2009,ACS Publications,
"Marques A., Teixeira B., Barrento S., Anacleto P., Carvalho M.L., Nunes M.L. (2010). Chemical composition of Atlantic spider crab Maja brachydactyla: Human health implications. Journal of Food Compositon and Analysis 23: 230 - 237.",107,"Marques, Antãnio; Teixeira, Börbara; Barrento, Sara; Anacleto, Patrêcia; Carvalho, Maria Luêsa; Nunes, Maria Leonor; ",Chemical composition of Atlantic spider crab Maja brachydactyla: Human health implications,Journal of Food Composition and Analysis,23,3,230-237,2010,Elsevier,
"Karakoltsidis P.A., Zotos A., Constantinides S.M. (1995). Composition of the commercially important mediterranean finfish, crustaceans, and molluscs. Journal of Food Composition and Analysis 8: 258-273",75,"Karakoltsidis, Pavlos A; Zotos, Anastasios; Constantinides, Spiros M; ","Composition of the commercially important Mediterranean finfish, crustaceans, and molluscs",Journal of food composition and analysis,8,3,258-273,1995,Elsevier,
"Di Monaco R., Cavella S., Masi P., Sevi A., Caroprese M., Marzano A., Conte A., Del Nobile M.A. (2009). Blue fish burgers: nutritional characterisation and sensory optimisation. International Journal of Food Science and Technology 44: 1634-1641",39,"Di Monaco, Rossella; Cavella, Silvana; Masi, Paolo; Sevi, Agostino; Caroprese, Mariangela; Marzano, Alessandra; Conte, Amalia; Del Nobile, Matteo Alessandro; ",Blue fish burgers: nutritional characterisation and sensory optimisation,International journal of food science & technology,44,8,1634-1641,2009,Wiley Online Library,
"Karahadian C., Fowler K.P., Dyveke H.C. (1995). Comparison of chemical composition of striped bass (Morone saxatilis) from three Chesapeake Bay tributaries with those of two aquaculture hybrid striped bass types. Food Chemistry 54(4): 409-418",74,"Karahadian, Carol; Fowler, Kelly P; Cox, Dyveke H; ",Comparison of chemical composition of striped bass (Marone saxatilis) from three Chesapeake Bay tributaries with those of two aquaculture hybrid striped bass types,Food chemistry,54,4,409-418,1995,Elsevier,
"Di Lena, G., Nevigato, T., Rampacci, M., Casini, I., Caproni, R. and Orban, E., 2016. Proximate composition and lipid profile of red mullet (Mullus barbatus) from two sites of the Tyrrhenian and Adriatic seas (Italy): a seasonal differentiation. Journal of Food Composition and Analysis, 45, pp.121-129.",38,"Di Lena, Gabriella; Nevigato, Teresina; Rampacci, Massimo; Casini, Irene; Caproni, Roberto; Orban, Elena; ",Proximate composition and lipid profile of red mullet (Mullus barbatus) from two sites of the Tyrrhenian and Adriatic seas (Italy): A seasonal differentiation,Journal of Food Composition and Analysis,45,,121-129,2016,Elsevier,
"Miniadis-Meimaroglou S., Dimizas C., Loukas V., Moukas A., Vlachos A., Thomaidis N., Paraskevopoulou V., Dasenakis M. (2007). Proximate composition, fatty acids, cholesterol, minerals in frozen red porgy. Chemistry and Physics of Lipids 146: 104-110",118,"Miniadis-Meimaroglou, Sofia; Dimizas, Christos; Loukas, Vassilis; Moukas, Athanasios; Vlachos, Alexandra; Thomaidis, Nikolaos; Paraskevopoulou, Vassiliki; Dasenakis, Manolis; ","Proximate composition, fatty acids, cholesterol, minerals in frozen red porgy",Chemistry and Physics of Lipids,146,2,104-110,2007,Elsevier,
"Zhao F., Zhuang P., Song C., Shi Z.-h., Zhang L.-z. (2010). Amino acid and fatty acid compositions and nutritional quality of muscle in the pomfret, Pampus punctatissimus. Food Chemistry 118: 224-227",215,"Zhao, Feng; Zhuang, Ping; Song, Chao; Shi, Zhao-hong; Zhang, Long-zhen; ","Amino acid and fatty acid compositions and nutritional quality of muscle in the pomfret, Pampus punctatissimus",Food Chemistry,118,2,224-227,2010,Elsevier,
"Heu M.-S., Kim J.-S., Shahidi F. (2003). Components and nutritional quality of shrimp processing by-products. Food Chemistry 82:235-242",62,"Heu, Min-Soo; Kim, Jin-Soo; Shahidi, Fereidoon; ",Components and nutritional quality of shrimp processing by-products,Food Chemistry,82,2,235-242,2003,Elsevier,
"Zlatanos S., Laskaridis K., Sagredos A. (2009). Determination of proximate composition, fatty acid content and amino acid profile of five lesser-common sea organism from the Mediterranean Sea. International Journal of Food Science and Technology 44:1590-1594",217,"Zlatanos, Spiros; Laskaridis, Kostas; Sagredos, Angelos; ","Determination of proximate composition, fatty acid content and amino acid profile of five lesser_common sea organisms from the Mediterranean Sea",International journal of food science & technology,44,8,1590-1594,2009,Wiley Online Library,
"Orban E., Nevigato T., Masci M., Di Lena G., Casini I., Caproni R., Gambelli L., De Angelis P., Rampacci M. (2007). Nutritional quality and safety of European perch (Perca fluviatilis) from three lakes of central Italy. Food Chem 100: 482-490",135,"Orban, Elena; Nevigato, Teresina; Masci, Maurizio; Di Lena, Gabriella; Casini, Irene; Caproni, Roberto; Gambelli, Loretta; De Angelis, Paola; Rampacci, Massimo; ",Nutritional quality and safety of European perch (Perca fluviatilis) from three lakes of Central Italy,Food Chemistry,100,2,482-490,2007,Elsevier,
"Wu X., Zhou B., Cheng Y., Zeng C., Wang C., Feng L. (2010). Comparison of gender differences in biochemical composition and nutritional value of various edible parts of the blue swimmer crab. Journal of Food Composition and Analysis 23: 154-159",210,"Wu, Xugan; Zhou, Bo; Cheng, Yongxu; Zeng, Chaoshu; Wang, Chunlin; Feng, Lang; ",Comparison of gender differences in biochemical composition and nutritional value of various edible parts of the blue swimmer crab,Journal of Food Composition and Analysis,23,2,154-159,2010,Elsevier,
"MartÕ_nez B., Miranda J.M., Nebot C., Rodriguez J.L., Cepeda A., Franco C.M. (2010). Differentiation of farmed and wild turbot (Psetta maxima): Proximate chemical composition, fatty acid profile, trace minerals and antimicrobial resistance of contaminant bacteria. Food Sci Tech Int 16(5): 435-437",108,"Martênez, B; Miranda, JM; Nebot, C; Rodriguez, JL; Cepeda, A; Franco, CM; ","Differentiation of farmed and wild turbot (Psetta maxima): proximate chemical composition, fatty acid profile, trace minerals and antimicrobial resistance of contaminant bacteria",Food science and technology international,16,5,435-441,2010,"Sage Publications Sage UK: London, England",
"Jankowska B., Zak—éÅ_ Z., Å_mijewski T., Szczepkowski M. (2003) A comparison of selected quality features of the tissue and slaughter yield of wild and cultivated pikeperch (Sander lucioperca). Eur Food Res Technol 217: 401-405",68,"Jankowska, Barbara; Zak__, Zdzis_aw; _mijewski, Tomasz; Szczepkowski, Miros_aw; ",A comparison of selected quality features of the tissue and slaughter yield of wild and cultivated pikeperch Sander lucioperca (L.),European Food Research and Technology,217,5,401-405,2003,Springer,
"Celik M., Diler A., KÕ_Õ_Õ_kgÕ_lmez A. (2005). A comparison of the proximate compositions and fatty acid profiles of zander (Sander lucioperca) from two different regions and climatic conditions. Food Chemistry 92: 637-641",32,"äelik, Mehmet; Diler, Abdullah; K™ç™kg™lmez, Ayg™l; ",A comparison of the proximate compositions and fatty acid profiles of zander (Sander lucioperca) from two different regions and climatic conditions,Food chemistry,92,4,637-641,2005,Elsevier,
"Rebah F.B., Abdelmouleh A., Kammoun W., Yezza A. (2010). Seasonal variation of lipid content and fatty acid composition of Sardinella aurita from Tunisian coast. Journal of the Marine Biological Association of the United Kingdom 90(3): 569-573",168,"Rebah, F Ben; Abdelmouleh, A; Kammoun, W; Yezza, A; ",Seasonal variation of lipid content and fatty acid composition of Sardinella aurita from the Tunisian coast,Marine Biological Association of the United Kingdom. Journal of the Marine Biological Association of the United Kingdom,90,3,569,2010,Cambridge University Press,
Celik M. (2008). Seasonal changes in the proximate chemical composition and fatty acids of chub mackerel (Scomber japonicus) and horse mackerel (Trachurus trachurus) from the north eastern Mediterranean Sea. International Journal of Food Science and Technology 43: 933-938,31,"Celik, Mehmet; ",Seasonal changes in the proximate chemical compositions and fatty acids of chub mackerel (Scomber japonicus) and horse mackerel (Trachurus trachurus) from the north eastern Mediterranean Sea,International journal of food science & technology,43,5,933-938,2008,Wiley Online Library,
"Nakamura Y.-N., Ando M., Seoka M., Kawasaki K.-i., Tsukamasa Y. (2007). Changes of proximate anf fatty acid compositions of the dorsal and ventral ordinary muscles of the full-cycle cultured Pacific bluefin tuna Thunnus orientalis with growth. Food Chemistry 103: 234-241",122,"Nakamura, Yoshi-Nori; Ando, Masashi; Seoka, Manabu; Kawasaki, Ken-ichi; Tsukamasa, Yasuyuki; ",Changes of proximate and fatty acid compositions of the dorsal and ventral ordinary muscles of the full-cycle cultured Pacific bluefin tuna Thunnus orientalis with the growth,Food Chemistry,103,1,234-241,2007,Elsevier,
"Õ_zden, Õ_. and Erkan, N., 2011. A preliminary study of amino acid and mineral profiles of important and estimable 21 seafood species. British Food Journal, 113(4), pp.457-469.",147,"Äzden, Äzkan; Erkan, Nuray; ",A preliminary study of amino acid and mineral profiles of important and estimable 21 seafood species,British Food Journal,,,,2011,Emerald Group Publishing Limited,
"Anto ÍÅ nio Marques a,*, Ba ÍÅ rbara Teixeira a, Sara Barrento a, Patr—± ÍÅcia Anacleto a, Maria Lu—± ÍÅsa Carvalho b, Maria Leonor Nunes. Chemical composition of Atlantic spider crab Maja brachydactyla: Human health implications. Journal of Food Composition and Analysis 2010",7,"Marques, Antãnio; Teixeira, Börbara; Barrento, Sara; Anacleto, Patrêcia; Carvalho, Maria Luêsa; Nunes, Maria Leonor; ",Chemical composition of Atlantic spider crab Maja brachydactyla: Human health implications,Journal of Food Composition and Analysis,23,3,230-237,2010,Elsevier,
"A. Fuentes, I. FernÕçndez-Segovia *, I. Escriche, J.A. Serra. Comparison of physico-chemical parameters and composition of mussels (Mytilus galloprovincialis Lmk.) from different Spanish originsFood Chemistry 112 (2009) 295_Ñ_302",1,"Fuentes, A; Fernöndez-Segovia, I; Escriche, I; Serra, JA; ",Comparison of physico-chemical parameters and composition of mussels (Mytilus galloprovincialis Lmk.) from different Spanish origins,Food Chemistry,112,2,295-302,2009,Elsevier,
"Fuentes, A., et al. ""Comparison of physico-chemical parameters and composition of mussels (Mytilus galloprovincialis Lmk.) from different Spanish origins.""ë_Food Chemistryë_112.2 (2009): 295-302.",48,"Fuentes, A; Fernöndez-Segovia, I; Escriche, I; Serra, JA; ",Comparison of physico-chemical parameters and composition of mussels (Mytilus galloprovincialis Lmk.) from different Spanish origins,Food Chemistry,112,2,295-302,2009,Elsevier,
"Karakoltsidis, Pavlos A., Anastasios Zotos, and Spiros M. Constantinides. ""Composition of the commercially important Mediterranean finfish, crustaceans, and molluscs.""ë_Journal of Food Composition and Analysisë_8.3 (1995): 258-273.",77,"Karakoltsidis, Pavlos A., Anastasios Zotos, and Spiros M. Constantinides","Composition of the commercially important Mediterranean finfish, crustaceans, and molluscs",Journal of food composition and analysis,8,,258-273,1995,,
"Erkan, Nuray, Õ_zkan Õ_zden, and Å_afak Ulusoy. ""Seasonal micro-and macro-mineral profile and proximate composition of oyster (Ostrea edulis) analyzed by ICP-MS.""ë_Food analytical methodsë_4.1 (2011): 35-40.",43,"Erkan, Nuray; Äzden, Äzkan; Ulusoy, _afak; ",Seasonal micro-and macro-mineral profile and proximate composition of oyster (Ostrea edulis) analyzed by ICP-MS,Food analytical methods,4,1,35-40,2011,Springer,
"Mahanty, A., Ganguly, S., Verma, A., Sahoo, S., Mitra, P., Paria, P., Sharma, A.P., Singh, B.K. and Mohanty, B.P., 2014. Nutrient profile of small indigenous fish Puntius sophore: proximate composition, amino acid, fatty acid and micronutrient profiles. National Academy Science Letters, 37(1), pp.39-44.",103,"Mahanty, Arabinda; Ganguly, Satabdi; Verma, Anjali; Sahoo, Shilpa; Mitra, Priyanka; Paria, Prasenjit; Sharma, Anil Prakash; Singh, Brijesh Kumar; Mohanty, Bimal Prasanna; ","Nutrient profile of small indigenous fish Puntius sophore: proximate composition, amino acid, fatty acid and micronutrient profiles",National Academy Science Letters,37,1,39-44,2014,Springer,
"Vlieg P., Murray T., Body D.R. (1993). Nutritional data on six Oceanic Pelagic fish species from New Zealand waters. Journal of Food Composition and Analysis 6: 45-54",205,"Vlieg, Peter; Murray, Talbot; Body, Denis R; ",Nutritional data on six oceanic pelagic fish species from New Zealand waters,Journal of Food Composition and Analysis,6,1,45-54,1993,Elsevier,
"Caponio F., Summo C., Bilancia M.T., DelCuratolo D., Lestingi A., Laudadio V. (2004). Nutritional value of the lipid fraction of sardines (Sardina pilchardus W.) as a function of total length and fishing period. Industrie Alimentari 43(442): 1295-1301",26,"Caponio, F; Summo, C; Bilancia, MT; Delcuratolo, D; Lestingi, A; Laudadio, V; ",Nutritional value of the lipid fraction of sardines (Sardinia pilchardus W.) as a function of total length and fishing period,Industrie Alimentari (Italy),,,,2004,,
"Lazos E.S., Aggelousis G., Alexakis A. (1989). Metal and proximate composition of the edible portion of 11 freshwater fish species. Journal of Food Composition and Analysis 2: 371-381",93,"Lazos, Evangelos S; Aggelousis, George; Alexakis, Alexandros; ",Metal and proximate composition of the edible portion of 11 freshwater fish species,Journal of Food Composition and Analysis,2,4,371-381,1989,Elsevier,
"Nurnadia A.A., Azrina A., Amin I. (2011). Proximate composition and energetic value of selected marine fish and shellfish from the West coast of Peninsular Malaysia. International Food Research Journal 18: 137-148",126,"Nurnadia, AA; Azrina, A; Amin, I; ",Proximate composition and energetic value of selected marine fish and shellfish from the West coast of Peninsular Malaysia.,International Food Research Journal,18,1,,2011,,
"Reykdal Õ_., JÕ_rundsdÕ_ttir H.Õ_., Desnica N., HauksdÕ_ttir S., RagnarsdÕ_ttir Õ_., Vrac A., GunnlaugsdÕ_ttir H., PÕçlmadÕ_ttir H. (2011). Nutrient value of seafoods _Ñ_ Proximates, minerals, trace elements and fatty acids in products. Matis Report 33-11. ISSN 1670-7192. (In Icelandic with English summary).",169,,,,,,,,,
"Castro-GonzÕçlez M.I., Silencio Barrita J.L., JuÕçrez Silva M.E., MontaÕ±o Benavides S., PÕ©rez-Gil Romo F. (1998). ComposiciÕ_n quÕ_mica de la fauna de acompaÕ±amiento del camarÕ_n de Veracruz (Golfo de MÕ©xico). Revista de BiologÕ_a Tropical 46(2): 249-256",29,"Castro-Gonzölez, Marêa Isabel; Silencio Barrita, Jose Luis; Juörez Silva, Maria Eugenia; Monta_o Benavides, Sara; P_rez-Gil Romo, Fernando; ",Composiciãn quêmica de la fauna de acompa_amiento del camarãn de Veracruz (Golfo de M_xico),Revista de Biologêa Tropical,46,2,249-256,1998,http://creativecommons. org/licenses/by/3.0,
Vlieg P. (1985). Proximate analysis of commercial New Zealand fish species - 4. New Zealand Journal of Technology 1: 245-249,204,"Vlieg, P; ",Proximate analysis of 10 commercial New Zealand fish species,New Zealand Journal of Science (New Zealand),,,,1984,,
"Ifon E.T., Umoh I.B. (1987). Biochemical and nutritional evaluation of Egreria radiata (Clam), a delicacy of some riverine peasant populations in Nigeria. Food Chemistry 24: 21-27",66,"Ifon, ET; Umoh, IB; ","Biochemical and nutritional evaluation of Egreria radiata (clam), a delicacy of some riverine peasant populations in Nigeria",Food chemistry,24,1,21-27,1987,Elsevier,
"GÕ_kodlu N., Yerlikaya P. (2003). Determination of proximate composition and mineral contents of blue crab (Callinectes sapidus) and swim crab (Portunus pelagicus) caught off the Gulf of Antalya. Food Chemistry 80: 495-498",52,"G_ko_lu, Nalan, and P_nar Yerlikaya",,Determinaton of proximate composition and mineral contents of blue crab (Callinectes sapidus) and swim crab (Portunus pelagicus) caught off the Gulf of Antalya.,Food chemistry,80,4,2003,Elsevier,
"Chandrashekar K. Deosthale Y.G. (1993). Proximate composition, amino acid, mineral, and trace element content of the edible muscle of 20 Indian fish species. Journal of Food Composition and Analysis 6: 195-200",33,"Chandrashekar, K; Deosthale, YG; ","Proximate composition, amino acid, mineral, and trace element content of the edible muscle of 20 Indian fish species",Journal of Food Composition and Analysis,6,2,195-200,1993,Elsevier,
"Skonberg D.I., Perkins B.L. (2002). Nutrient composition of green crab (Carcinus maenus) leg meat and claw meat. Food Chemistry 77: 401-404",185,"Skonberg, Denise I; Perkins, Brian L; ",Nutrient composition of green crab (Carcinus maenus) leg meat and claw meat,Food chemistry,77,4,401-404,2002,Elsevier,
"Mai J., Shetty J.K., Kan T.-M., Kinsella J.E. (1980). protein and amino acid composition of select freshwater fish. J. Agric. Food Chem. 28(4): 884-885",104,"Mai, Jimbin; Shetty, Jayarama K; Kan, Tze-Ming; Kinsella, John E; ",Protein and amino acid composition of select freshwater fish,Journal of agricultural and food chemistry,28,4,884-885,1980,ACS Publications,
OehlenschlÕ_ger J. (1991). Chemical composition of the flesh and other tissues of Antarctic fish species of the families Channichthyidae and Nototheniidae. Food Chemistry 40: 159-167,127,"Oehlenschl_ger, J; ",Chemical composition of the flesh and other tissues of Antarctic fish species of the families Channichthyidae and Nototheniidae,Food chemistry,40,2,159-167,1991,Elsevier,
"Colakoglu F.A., Ormanci H.B., Berik N., Kunili I.E., Colakoglu S. (2011). Proximate and elemental composition of chamelea gallina from the southern coast of the Marmara Sea (Turkey). Biol Trace Elem Res 1-9 (article in press)",34,"Colakoglu, Fatma Arik; Ormanci, Hasan Basri; Berik, Nermin; Kunili, Ibrahim Ender; Colakoglu, Serhat; ",Proximate and elemental composition of Chamelea gallina from the southern coast of the Marmara Sea (Turkey),Biological trace element research,143,2,983-991,2011,Springer,
"Wimalasena S., Jayasuriya M.N.S. (1996). Nutrient analysis of some fresh water fish. J. Natn. Sci. Coun. Sri Lanka 24(1): 21-26",207,"Wimalasena, S; Jayasuriya, MNS; ",Nutrient analysis of some fresh water fish,Journal of the National Science Foundation of Sri Lanka,24,1,,1996,National Science Foundation of Sri Lanka,
"Puwastien P., Judprasong K., Kettwan E., Vasanachitt K., Nakngamanong Y., Bhattacharjee L. (1999) Proximate composition of raw and cooked thai freshwater and marine fish. J Food Comp Anal 12: 9-16",163,"Puwastien, Prapasri; Judprasong, Kunchit; Kettwan, Eakkarach; Vasanachitt, Kriengkrai; Nakngamanong, Yupaporn; Bhattacharjee, Lalita; ",Proximate composition of raw and cooked Thai freshwater and marine fish,Journal of Food Composition and Analysis,12,1,16-Sep,1999,Elsevier,
"Osibona A., Kusemiju K., Akande G.R. (2009). Fatty acid composition and amino acid profile of two freshwater species, african catfish (Clarias gariepinus) and tilapia (Tilapia zillii). African Journal of Food Agriculture Nutrition and Development 9(1): 608-621",137,"Osibona, AO; Kusemiju, K; Akande, GR; ","Fatty acid composition and amino acid profile of two freshwater species, African catfish (Clarias gariepinus) and tilapia (Tilapia zillii).","African Journal of Food, Agriculture, Nutrition and Development",9,1,608-621,2009,,
"Ersoy B., Õ_zeren A. (2009). The effect of cooking methods on mineral and vitamin contents of African catfish. Food Chemistry 115: 419-422",44,"Ersoy, Beyza; Äzeren, Akif; ",The effect of cooking methods on mineral and vitamin contents of African catfish,Food Chemistry,115,2,419-422,2009,Elsevier,
"Otitologbon S.A., Agbaji E.B., Peters O.A., Oniye S.J. (1997). Proximate and mineral composition of three Nigerian freshwater fishes. J Sci Food Agric 75: 312-314",141,"Otitologbon, Stephen A; Agbaji, Edith B; Peters, Olufemi A; Oniye, Sunday J; ",Proximate and mineral composition of three Nigerian freshwater fishes,Journal of the Science of Food and Agriculture,75,3,312-314,1997,Wiley Online Library,
"Pirestani S., Ali Sahari M., Barzegar M., Seyfabadi S.J. (2009). Chemical compositions and minerals of some commercially important fish species from the South Caspian Sea. International Food Research Journal 16: 39-44",158,"Pirestani, S., Ali Sahari, M., Barzegar, M., & Seyfabadi, S. J.",Chemical compositions and minerals of some commercially important fish species from the South Caspian Sea.,"International Food Research Journal,",16,1,39-44,2009,,
"Kuhnlein H.V., Chan H.M., Leggee C., Barthet V. (2002). Macronutrient, mineral and fatty acid composition of Canadian arctic traditional foo. Journal of Food Composition and Analysis 15: 545-566",88,"Kuhnlein, HV; Chan, HM; Leggee, D; Barthet, V; ","Macronutrient, mineral and fatty acid composition of Canadian Arctic traditional food",Journal of food composition and analysis,15,5,545-566,2002,Elsevier,
"Gordon D.T., Roberts G.L., Heintz D.M. (1979). thiamin, riboflavin and niacin content and stability in pacific coast seafoods. J. Agric. Food Chem. 27(3): 483-490",58,"Gordon, Dennis T; Roberts, G Louis; Heintz, Diane M; ","Thiamin, riboflavin, and niacin content and stability in Pacific coast seafoods",Journal of agricultural and food chemistry,27,3,483-490,1979,ACS Publications,
"Carvalho A.F.U., Farias D.F., Barroso C.X., Sombra C.M.L., Silvino A.S., Menezes M.O.T., Soares M.O., Fernandes D.A.O., Gouveia S.T. (2007). Nutritive value of three organisms from mangrove ecosystem: Ucides cordatus (Linnaeus, 1763), Mytella sp. (Soot-Ryen, 1955) and Crassostrea rhizophorae (Guilding, 1828). Braz. J. Biol. 67(4): 787-788",27,"Carvalho, AFU; Farias, DF; Barroso, CX; Sombra, CML; Silvino, AS; Menezes, MOT; Soares, MO; Fernandes, DAO; Gouveia, ST; ","Nutritive value of three organisms from mangrove ecosystem: Ucides cordatus (Linnaeus, 1763), Mytella sp.(Soot-Ryen, 1955) and Crassostrea rhizophorae (Guilding, 1828)",Brazilian Journal of Biology,67,4,787-788,2007,SciELO Brasil,
"Nettleton J.A., Exler J. (1992). Nutrients in wild and farmed fish and shellfish. Journal of Food Science 57(2): 257-260",123,"NETTLETON, JOYCE A., and JACOB EXLER",Nutrients in wild and farmed fish and shellfish,Journal of Food Science,57,2,257-260,1992,Wiley Online Library,
"Õ_zyurt G., Polat A., Loker G.B. (2009). vitamin And mineral content of pike perch (Sander lucioperca), common carp (Cyprinus carpio), and European catfish (Silurus glanis). Turk J Vet Anim Sci 33(4): 351-356",154,"Äzyurt, G™ls™n; Polat, Abdurrahman; Loker, G™l Bringen; ","Vitamin and mineral content of pike perch (Sander lucioperca), common carp (Cyprinus carpio), and European catfish (Silurus glanis)",Turkish Journal of Veterinary and Animal Sciences,33,4,351-356,2009,The Scientific and Technological Research Council of Turkey,
"Hadjinikolova L. (2008). Investigations on the chemical composition of carp (Cyprinus carpio L.), bighead carp (Aristichthys nobilis Rich.) and pike (Esox Lusius L.) during different stagees of individual growth. Bulgarian Journal of Agricultural Science 14(2): 121-126",61,"Hadjinikolova, L; ","Investigations on the chemical composition of carp (Cyprinus carpio L.), bighead carp (Aristichthys nobilis Rich.) and pike (Esox lusius L.) during different stages of individual growth",Bulgarian Journal of Agricultural Science,14,2,121-126,2008,,
"Koubaa A., Abdelmouleh A., Bouain A., Mihoubi N.B. (2010). Experimental and statistical investigations of the global chemical composition of six trawling fish of the Gulf of GabÕ©s (Mediterranean Sea). Journal of the Marine Biological Association of the United Kingdom. 1-7 (article in press).",82,"Koubaa, Aida; Abdelmouleh, Abdelwaheb; Bouain, Abderrahmen; Mihoubi, Nourhène Boudhrioua; ",Experimental and statistical investigations of the global chemical composition of six trawling fish of the Gulf of Gabes (Mediterranean Sea),Journal of the Marine Biological Association of the United Kingdom,91,8,1689-1695,2011,Cambridge University Press,
"Saoud I.P., Batal M., Ghanawi J., Lebbos N. (2008). Seasonal evaluation of nutritional benefits of two fish species in the eastern Mediterranean Sea. International Journal of Food Science and Technology 43: 538-542",179,"Patrick Saoud, Imad; Batal, Malek; Ghanawi, Joly; Lebbos, Nada; ",Seasonal evaluation of nutritional benefits of two fish species in the eastern Mediterranean Sea,International journal of food science & technology,43,3,538-542,2008,Wiley Online Library,
"Fu X.Y., Xue C.H., Miao B.C., Li Z.J., Zhang Y.Q., Wang Q. (2007). Effect of processing steps on physico - chemicalproperties of dried - seasoned squid. Food Chemistry 103: 287 - 294",47,"Fu, Xue-Yan; Xue, Chang-Hu; Miao, Ben-Chun; Li, Zhao-Jie; Zhang, Yong-qin; Wang, Qi; ",Effect of processing steps on the physico-chemical properties of dried-seasoned squid,Food Chemistry,103,2,287-294,2007,Elsevier,
"Liu L.L., Wang S.P. (2002). Histology and biochemical composition of the autotomy mantle of Ficus ficus (Mesogastropoda: Ficidae). Acta Zoologica 83:111-116",94,"Liu, LL; Wang, SP; ",Histology and biochemical composition of the autotomy mantle of Ficus ficus (Mesogastropoda: Ficidae),Acta Zoologica,83,2,111-116,2002,Wiley Online Library,
"Vasconcoles P., Gaspar M.B., Castro M., Nunes M.L. (2009) Influence of growth and reproductive cycle on the meat yield and proximate composition Hexaplex trunculus (Gastropoda: Muricidae). Journal of the Marine Biological Association of the United Kingdom 89: 1223 - 1231",202,"Vasconcelos, P; Gaspar, MB; Castro, M; Nunes, ML; ",Influence of growth and reproductive cycle on the meat yield and proximate composition of Hexaplex trunculus (Gastropoda: Muricidae),Marine Biological Association of the United Kingdom. Journal of the Marine Biological Association of the United Kingdom,89,6,1223,2009,Cambridge University Press,
"Ruff N., Fitzgerald R.D., Cross T.F., Kerry J.P. Comparative composition and shelf-life of fillets of wild and cultured turbot (Scophthalmus maximus) and Atlantic halibut (Hippoglossus hippoglossus) (2002) Aquaculture International, 10, 241-256",175,"Ruff, N; Fitzgerald, RD; Cross, TF; Kerry, JP; ",Comparative composition and shelf-life of fillets of wild and cultured turbot (Scophthalmus maximus) and Atlantic halibut (Hippoglossus hippoglossus),Aquaculture International,10,3,241-256,2002,Springer,
"Å_engÕ_r G.F.ÕÒ., Alakavuk D.ÕÒ., Tosun Å_.Y., Ulusoy Å_. (2010). The chemical and sensory quality of smoked sturgeon (Huso huso): a case study. Journal of Aquatic Food Product Technology 19: 310-317",182,"Ênal _eng_r, Gôlgôn F; Alakavuk, Didem Êçok; Tosun, _ Yasemin; Ulusoy, _afak; ",The chemical and sensory quality of smoked sturgeon (Huso huso): A case study,Journal of Aquatic Food Product Technology,19,04-Jan,310-317,2010,Taylor & Francis,
"Kalay M., SangÕ_n M.K., Ayas D., GÕ_Õ_er M. (2008). Chemical composition and some trace element levels of thinlip mullet, Liza ramada caught from Mersin Gulf. Ekoloji 17(68): 11-16",71,"Kalay, Mustafa; Sangôn, Mustafa Kemal; Ayas, Deniz; G_çer, Mustafa; ","Chemical composition and some trace element levels of thinlip mullet, Liza ramada caught from Mersin Gulf",,,,,2008,,
"Caula F.C.B., de Oliveira M.P., Maiaa E.L. (2008). Teor de colesterol e composiÕ_Õ£o centesimal de algumas especies de peixes do estado do CearÕç. CiÕ_ncia e Tecnologia de Alimentos 28(4): 959-963",30,"Caula, Francisco Charles Barros; Oliveira, Maria PetronÍlia de; Maia, Everardo Lima; ",Teor de colesterol e composiç†o centesimal de algumas esp_cies de peixes do estado do Cearˆ,Food Science and Technology,28,4,959-963,2008,SciELO Brasil,
"Õ_zden Õ_., Erkan N., Ulusoy Å_. (2010). Determination of mineral composition in three commercial fish species (Solea solea, Mullus surmuletus, and Merlangius merlangus). Environ Monit Assess 170: 353-363",145,"ƒzden, ƒzkan; Erkan, Nuray; Ulusoy, _afak; ","Determination of mineral composition in three commercial fish species (Solea solea, Mullus surmuletus, and Merlangius merlangus)",Environmental monitoring and assessment,170,04-Jan,353-363,2010,Springer,
"Yanar Y., Celik M. (2006). Seasonal amino acid profiles and mineral contents of green tiger shrimp (Penaeus semisulcatus De Haan, 1844) and speckled shrimp (Metapenaeus monoceros Fabricus, 1789) from the Eastern Mediterranean. Food Chemistry 94: 33-36",212,"Yanar, Yasemen; Celik, Mehmet; ","Seasonal amino acid profiles and mineral contents of green tiger shrimp (Penaeus semisulcatus De Haan, 1844) and speckled shrimp (Metapenaeus monoceros Fabricus, 1789) from the Eastern Mediterranean",Food Chemistry,94,1,33-36,2006,Elsevier,
"Perea A. GÕ_mez E. Mayorga Y., Triana C.Y. (2008). CaracterizaciÕ_n nutricional de pescados de produccion y consumo regional en Bucaramanga, Colombia. Archivos Latinoamericanos de Nutricion 58(1): 91-97",156,"Perea, Aide; Gomez, Elieth; Mayorga, Yamile; Triana, Cora Yohanna; ","Nutritional characterization of produced fish for human consumption in Bucaramanga, Colombia",Archivos Latinoamericanos de Nutrici„n,58,1,91-97,2008,,
"Balogun A.M., Akegbejo - Samsons Y. (1992). Waste Yield, Proximate and Mineral Composition of Shrimp Resources of Nigeria's Costal Waters. Bioresource Technology. 40:157 - 161",10,"Balogun, Adebisi M; Akegbejo-Samsons, Yemi; ","Waste yield, proximate and mineral composition of shrimp resources of Nigeria's Coastal Waters",Bioresource Technology,40,2,157-161,1992,Elsevier,
"Reale A., Ziino M., Ottolenghi F., Pelusi P., Romeo V., Condurso C., Sanfilippo M. (2006). Chemical composition and nutritional value of some marine species from the Egadi Islands. Chemistry and Ecology 22(Suppl 1): 173-179",167,"Reale, Alessandra; Ziino, Marisa; Ottolenghi, Francesca; Pelusi, Paolo; Romeo, Vincenza; Condurso, Concetta; Sanfilippo, Marilena; ",Chemical composition and nutritional value of some marine species from the Egadi Islands,Chemistry and Ecology,22,sup1,S173-S179,2006,Taylor & Francis,
"GonzÕçlez S., Flick G.J., O'Keefe S.F., Duncan S.E., McLean E. Craig S.R. (2006). Composition of farmed and wild yellow perch (Perca flavescens). Journal of Food Composition and Analysis 19: 720-726",57,"Gonzˆlez, S; Flick, GJ; Oêkeefe, SF; Duncan, SE; McLean, E; Craig, SR; ",Composition of farmed and wild yellow perch (Perca flavescens),Journal of Food Composition and Analysis,19,06-Jan,720-726,2006,Elsevier,
"Sant'Ana L.S., Ducatti C., GonÕ_alves Ramires D. (2010). Seasonal variations in chemical composition and stable isotopes of farmed and wild Brazilian freswater fish. Food Chemistry 122: 74-77",178,"SantêAna, L_a Silvia; Ducatti, Carlos; Ramires, Djalma Gonçalves; ",Seasonal variations in chemical composition and stable isotopes of farmed and wild Brazilian freshwater fish,Food chemistry,122,1,74-77,2010,Elsevier,
Dincer T. (2006). Differences of Turkish clam (Ruditapes decussates) and Manila clam (Ruditapes philippinarum) according to their proximate composition and heavy metal contents. Journal of Shellfish Research 25: 455 - 459.,40,"Dincer, T; ",Differences of Turkish clam (Ruditapes decussates) and Manila clam (Ruditapes philippinarum) according to their proximate composition and heavy metal contents,Journal of Shellfish Research,25,2,455-459,2006,BioOne,
"Õ_zden Õ_. (2010). Micro, macro mineral and proximate composition of Atlantic bonito and horse mackerel: a monthly differentiation. International Journal of Food Science and Technology 45: 578-586",144,"ƒzden, ƒzkan; ","Micro, macro mineral and proximate composition of Atlantic bonito and horse mackerel: a monthly differentiation",International journal of food science & technology,45,3,578-586,2010,Wiley Online Library,
"Bhuiyan A.K.M.A., Ratnayake W.M.N., Ackman R.G. (1986). Effect of smoking on the proximate composition of Atlantic mackerel (Scomber scombrus). Journal of Food Science 51(2): 327-329",18,"Bhuiyan, AKM Aminullah; Ratnayake, WMN; Ackman, RG; ",Effect of smoking on the proximate composition of Atlantic mackerel (Scomber scombrus),Journal of Food Science,51,2,327-329,1986,Wiley Online Library,
"Grigorakis K., Alexis M.N., Taylor K.D.A., Hole M. (2002). Comparison of wild and cultured gildhead sea bream (Sparus aurata); composition, appearance and seasonal variations. International Journal of Food Science and Technology 37:477-484",59,"Grigorakis, Kriton; Alexis, Maria N; Taylor, KD Anthony; Hole, Michael; ","Comparison of wild and cultured gilthead sea bream (Sparus aurata); composition, appearance and seasonal variations",International journal of food science & technology,37,5,477-484,2002,Wiley Online Library,
"Majumdar R.K., Basu S. (2009). Studies on seasonal variation in the biochemical composition of the Indian shad, Tenualosa ilisha (Hamilton, 1822). Indian J. Fish 56(3): 205-209",106,"Majumdar, RK; Basu, S; ","Studies on seasonal variation in the biochemical composition of the Indian shad, Tenualosa ilisha (Hamilton, 1822).",Indian Journal of Fisheries,56,3,205-209,2009,Central Marine Fisheries Research Institute,
"GarcÕ_a-Arias M.T., Navarro M.P., GarcÕ_a-Linares M.C. (2004). Effects of different thermal treatments and storage on the proximate composition and protein quality in canned tuna. Archivos Latinoamericanos de NutricÕ_on 54(1): 112-117",49,"GarcÍa-Arias, MT; Navarro, MP; GarcÍa-Linares, MC; ",Effects of different thermal treatments and storage on the proximate composition and protein quality in canned tuna.,Archivos latinoamericanos de nutricion,54,1,112,2004,,
"Tzikas Z., Amvrosiadis I., Soultos N., Georgakis Sp. (2007). Seasonal variation in the chemical composition and microbiological condition of Mediterranean horse mackerel (Trachurus mediterraneus) muscle from the North Aegean Sea (Greece). Food Control 18: 251-257",200,"Tzikas, Z; Amvrosiadis, I; Soultos, N; Georgakis, Sp; ",Seasonal variation in the chemical composition and microbiological condition of Mediterranean horse mackerel (Trachurus mediterraneus) muscle from the North Aegean Sea (Greece),Food control,18,3,251-257,2007,Elsevier,
"Erkan N., SelÕ_uk A., Õ_zden Õ_. (2010) Amino acid and vitamin composition of raw and cooked horse mackerel. Food Anal Methods 3: 269-275",42,"Erkan, Nuray; Selçuk, Arif; ƒzden, ƒzkan; ",Amino acid and vitamin composition of raw and cooked horse mackerel,Food Analytical Methods,3,3,269-275,2010,Springer,
NA,NA,,,,,,,,,
"Oliveira A.C.M., Bechtel P.J. (2005). Lipid analysis of fillets from giant grenadier (Albatrossia pectoralis), arrow-tooth flounder (Atheresthes stomias), pacivic cod (Gadus macrocephalus) and walleye pollock (Theragra chalcogramma). Journal of Muscle Foods 17:20-33",131,"Oliveira, ACM; Bechtel, PJ; ","Lipid analysis of fillets from giant grenadier (Albatrossia pectoralis), arrow_tooth flounder (Atheresthes stomias), Pacific cod (Gadus macrocephalus) and walleye pollock (Theragra chalcogramma)",Journal of Muscle Foods,17,1,20-33,2006,Wiley Online Library,
"Õ_zogul Y., Õ_zogul F., Cicek E., Polat A., Kuley E. (2009). Fat content and fatty acid composition of 34 marine water fish species from the Mediterranean Sea. International Journal of Food Science and Nutrition 60(6): 464-475",151,"ƒzogul, Yes_m; ƒzogul, FatiÏ h; ‰iÏ çek, Erdo_an; Polat, Abdurrahman; Kuley, Esmeray; ",Fat content and fatty acid compositions of 34 marine water fish species from the Mediterranean Sea,International journal of food sciences and nutrition,60,6,464-475,2009,Taylor & Francis,
"Karapangiotidis I.T., Yakupitiyage A., Little D.C., Bell M.V., Mente E. (2010). The nutritional value of lipids in various tropical aquatic animals from rice-fish farmin systems in northeast Thailand. Journal of Food Composition and Analysis 23: 1-8",78,"Karapanagiotidis, Ioannis T; Yakupitiyage, Amararatne; Little, David C; Bell, Michael V; Mente, Eleni; ",The nutritional value of lipids in various tropical aquatic animals from rice_fish farming systems in northeast Thailand,Journal of Food Composition and Analysis,23,1,08-Jan,2010,Elsevier,
"Sirot V., Oseredczuk M., Bemrah-Aouachria N., Volatier J.-L., Leblanc J.-C.(2008). Lipid and fatty acid composition of fish and seafood consumed in France: CALIPSO study. J Food Comp Anal 21: 8-16",184,"Sirot, V_ronique; Oseredczuk, Marine; Bemrah-Aouachria, Nawel; Volatier, Jean-Luc; Leblanc, Jean-Charles; ",Lipid and fatty acid composition of fish and seafood consumed in France: CALIPSO study,Journal of food composition and analysis,21,1,16-Aug,2008,Elsevier,
"Wander R.C., Patton B.D. (1991) Lipids and fatty acids of three species of Northeast Pacific finfish harvested in summer. Journal of Food Composition and Analysis, 4, 128-135",206,"Wander, Rosemary C; Patton, Beverly D; ",Lipids and fatty acids of three species of northeast pacific finfish harvested in summer,Journal of food composition and analysis,4,2,128-135,1991,Elsevier,
"Masa J., Ogwok P., Muyonga J.H., Kwetegyeka J., Makokha V., Ocen D. (2011). Fatty acid composition of muscle, liver and adipose tissue of freshwater fish from Lake Victoria, Uganda. J Aqua Food Prod Technol 20: 64-72",110,"Masa, Justus; Ogwok, Patrick; Muyonga, John Herbert; Kwetegyeka, Justus; Makokha, Vincent; Ocen, Denis; ","Fatty acid composition of muscle, liver, and adipose tissue of freshwater fish from Lake Victoria, Uganda",Journal of Aquatic Food Product Technology,20,1,64-72,2011,Taylor & Francis,
"Õ_zogul Y., Õ_zogul F. (2007). Fatty acid profiles of commercially important fish species from the Mediterranean, Aegean and Black Seas. Food Chemistry 100: 1634-1638",149,"ƒzogul, Yesim; ƒzogul, Fatih; ","Fatty acid profiles of commercially important fish species from the Mediterranean, Aegean and Black Seas",Food Chemistry,100,4,1634-1638,2007,Elsevier,
"Swapna H.C., Amit K.R., Bhaskar N., Sachindra N.M. (2010). Lipid classes and fatty acid profile of selected Indian fresh water fishes. J Food Sci Technol 47(4): 394-400",194,"Swapna, HC; Rai, Amit Kumar; Bhaskar, N; Sachindra, NM; ",Lipid classes and fatty acid profile of selected Indian fresh water fishes,Journal of Food Science and Technology,47,4,394-400,2010,Springer,
"NjinkouÕ© J.-M., Barnathan G., Miralles J., Gaydou E.-M., Samb A. (2002). Lipids and fatty acids in muscle, liver and skin of three edible fish from the Senegalese coast: Sardinella maderensis, Sardinella aurita and Cephalopholis taeniops. Comparative Biochemistry and Physiology Part B 131: 395-402",124,"Njinkou_, Jean-Michel; Barnathan, Gilles; Miralles, Joseph; Gaydou, Emile-Marcel; Samb, Abdoulaye; ","Lipids and fatty acids in muscle, liver and skin of three edible fish from the Senegalese coast: Sardinella maderensis, Sardinella aurita and Cephalopholis taeniops",Comparative Biochemistry and Physiology Part B: Biochemistry and Molecular Biology,131,3,395-402,2002,Elsevier,
"Ould Ahmed Louly A.W., Gaydou E.M., Ould El Kabir M.V. (2011). Muscle lipids and fatty acid profiles of three edible fish from the Mauritanian coast: Epinephelus aeneus, Cephalopholis taeniops and Serranus scriba. Food Chemistry 124:24-28",143,"Louly, Abdel Wedoud Ould Ahmed; Gaydou, Emile M; El Kebir, Mohamed Vall Ould; ","Muscle lipids and fatty acid profiles of three edible fish from the Mauritanian coast: Epinephelus aeneus, Cephalopholis taeniops and Serranus scriba",Food Chemistry,124,1,24-28,2011,Elsevier,
"Õ_zogul Y., Õ_zogul F., Alagoz S. (2007). Fatty acid profiles and fat contents of commercially important seawater and freshwater fish species of Turkey: A comparative study. Food Chemistry 103: 217-223",150,"ƒzogul, Yesim; ƒzogul, Fatih; Alagoz, Sibel; ",Fatty acid profiles and fat contents of commercially important seawater and freshwater fish species of Turkey: A comparative study,Food chemistry,103,1,217-223,2007,Elsevier,
"Latyshev N.A., Kasyanov S.P., Kharlamenko V.I., Svetashev V.I. (2009). Lipids and of fatty acids od edible crabs o the north-western Pacific. Food Chemistry 116: 657-661",91,"Latyshev, Nikolay A; Kasyanov, Sergey P; Kharlamenko, Vladimir I; Svetashev, Vasily I; ",Lipids and of fatty acids of edible crabs of the north-western Pacific,Food chemistry,116,3,657-661,2009,Elsevier,
"Huynh M.D., Kitts D.D. (2009). Evaluating nutritional quality of pacific fish species from fatty acid signatures. Food Chemistry 114: 912-918",65,"Huynh, Minh Dieu; Kitts, David D; ",Evaluating nutritional quality of pacific fish species from fatty acid signatures,Food Chemistry,114,3,912-918,2009,Elsevier,
"Pirestani S., Sahari M.A., Barzegar M., Nikoopour H. (2010). Lipid, cholesterol and fatty acid profile of some commercially important fish species from south Caspian Sea. J Food Biochem 34: 886-895",159,"Pirestani, S; Sahari, MA; Barzegar, M; Nikoopour, H; ","Lipid, cholesterol and fatty acid profile of some commercially important fish species from south Caspian Sea",Journal of Food Biochemistry,34,4,886-895,2010,Wiley Online Library,
"Serrini G., Luzzana U., Grimaldi P., Paleari M.A., ValfrÕŒ F. (1996). Fatty acid composition of some coregonid species (Coregonus spp.) from different European lakes. J. Appl. Ichthyol. 12: 57-59",183,"Serrini, G; Luzzana, U; Grimaldi, P; Paleari, MA; Valfre, F; ",Fatty acid composition of some coregonid species (Coregonus spp.) from different European lakes,Journal of Applied Ichthyology,12,1,57-59,1996,Wiley Online Library,
"Andrade A.D., Rubira A.F., Matsushita M., Souza N.E. (1995). ñ_3 fatty acids in freshwater fish from South Brazil. JAOCS 72(10): 1207-1210",5,"Andrade, AD; Rubira, AF; Matsushita, M; Souza, NE; ",_3 fatty acids in freshwater fish from south brazil,Journal of the American Oil Chemistsê Society,72,10,1207-1210,1995,Springer,
"Rueda F.M., HernÕçndez M.D., Egea M.A., Aguado F., GarcÕ_a B., MartÕ_nez F.J. (2001). Differences in tissue fatty acid composition between reared and wild sharpsnout sea bream, Diplodus puntazzo (Cetti, 1777). British Journal of Nutrition 86: 617-622",174,"Rueda, FM; Hernˆndez, MD; Egea, MA; Aguado, F; Garcia, B; Martinez, FJ; ","Differences in tissue fatty acid composition between reared and wild sharpsnout sea bream, Diplodus puntazzo (Cetti, 1777)",British Journal of Nutrition,86,5,617-622,2001,Cambridge University Press,
"Pirini M., Testi S., Ventrella V., Pagliarani A., Badiani A. (2010). Blue-back fish: Fatty acid profile in selected seasons and retention upon baking. Food Chemistry 123: 306-314",160,"Pirini, Maurizio; Testi, Silvia; Ventrella, Vittoria; Pagliarani, Alessandra; Badiani, Anna; ",Blue-back fish: Fatty acid profile in selected seasons and retention upon baking,Food chemistry,123,2,306-314,2010,Elsevier,
"Jankowska B., Zak—éÅ_ Z., Å_mijewski T., Szczepkowski M. (2008). Fatty acid composition of wild and cultured northern pike (Esox lucius). J. Appl. Ichthyol. 24:196-201",69,"Jankowska, B; Zak__, Z; _mijewski, T; Szczepkowski, M; ",Fatty acid composition of wild and cultured northern pike (Esox lucius),Journal of Applied Ichthyology,24,2,196-201,2008,Wiley Online Library,
"Selmi S., Sadok S. (2008). The influence of season on lipid content and fatty acids profile of Euthynnus alletteratus fillets and by-products. Journal of Muscle Foods 21: 365-378",181,"Selmi, Salah; Sadok, Saloua; ",The influence of season on lipid content and fatty acids profile of Euthynnus alletteratus fillets and by_products,Journal of Muscle Foods,21,2,365-378,2010,Wiley Online Library,
"Procopia de Moura A.F., Torres R.P., Mancini - Filho J., Filho A.T. (2002). Caracterizacao da fracao lipidica de amostras comercias de camarao - rosa. Archivos Latinamericanos de Nutricion 52: 207 - 211",162,"Figueiredo Proc„pio de Moura, Andr_a; Pavan Torres, Ros_ngela; Mancini-Filho, Jorge; Tenuta Filho, Alfredo; ",Caracterizaç†o da fraç†o lipÍdica de amostras comerciais de camar†o-rosa,Archivos latinoamericanos de nutricion,52,2,207-211,2002,Archivos Latinoamericanos de Nutrici„n,
"Olsson G.B., Olsen R.L., CarlehÕ_g M., Ofstad R. (2003). Seasonal variations in chemical and sensory characteristics of farmed and wild Atlantic halibut (Hippoglossus hippoglossus). Aquaculture 217: 191-205",132,"Olsson, Gunn Berit; Olsen, Ragnar L; Carleh_g, Mats; Ofstad, Ragni; ",Seasonal variations in chemical and sensory characteristics of farmed and wild Atlantic halibut (Hippoglossus hippoglossus),Aquaculture,217,04-Jan,191-205,2003,Elsevier,
"Stephen N.M., Shakila J.R., Jeyasekaran G., Sukumar D. (2010). Effect of different types of heat processing on chemical changes in tuna. J Food Sci Technol 47(2): 174-181",191,"Stephen, Nimish Mol; Shakila, R Jeya; Jeyasekaran, G; Sukumar, D; ",Effect of different types of heat processing on chemical changes in tuna,Journal of Food Science and Technology,47,2,174-181,2010,Springer,
"Ho B.T., Paul D.R. (2009). Fatty acid profile of tra catfish (Pangasius hypophthalmus) compared to Atlantic salmon (Salmo salar) and Asian seabass (Lates calcarifer). Int Food Res J 16: 501-506",63,"Ho, BT; Paul, DR; ",Fatty acid profile of Tra catfish (Pangasius hypophthalmus) compared to Atlantic salmon (Salmo solar) and Asian Seabass (Lates calcarifer),International Food Research Journal,16,4,501-506,2009,,
"Phillips K.L., Jackson G.D., Nichols P.D. (2001). Prediation on myctophids by the squid Moroteuthis ingens around Macquarie and Heard Islands: stomach content and fatty acid analyses. Mar Ecol Progr Ser 215: 179-189",157,"Phillips, Katrina L; Jackson, George D; Nichols, Peter D; ",Predation on myctophids by the squid Moroteuthis ingens around Macquarie and Heard Islands: stomach contents and fatty acid analyses,Marine Ecology Progress Series,215,,179-189,2001,,
"Tsape K., Sinanoglou V.J., Miniadis - Meimaroglou S. (2010). Comparative analysis of the fatty acid and sterol profiles of widly consumed Mediterranean crustacean species. Food Chemistry 122: 292 - 299",198,"Tsape, Katerina; Sinanoglou, Vassilia J; Miniadis-Meimaroglou, Sofia; ",Comparative analysis of the fatty acid and sterol profiles of widely consumed Mediterranean crustacean species,Food Chemistry,122,1,292-299,2010,Elsevier,
"ÕÅlvarez V., Medina I., Prego R., Aubourg S.P. (2009). Lipid and mineral distribution in different zones of farmed and wild blackspot seabream (Pagellus bogaraveo). Eur. J. Lipid Sci. Technol. 111: 957-966",4,"çlvarez, Victoria; Medina, Isabel; Prego, Ricardo; Aubourg, Santiago P; ",Lipid and mineral distribution in different zones of farmed and wild blackspot seabream (Pagellus bogaraveo),European Journal of Lipid Science and Technology,111,10,957-966,2009,Wiley Online Library,
"Loukas V., Dimizas C., Sinanoglou V., Miniadis-Meimaroglou S. (2010). EPA, DHA, cholesterol and phospholipid content in Pagrus pagrus (cultured and wild), Trachinus draco und Trigla lyra from Mediterranean Sea. Chemistry and Physics of Lipids 163: 292-299",95,"Loukas, Vassilis; Dimizas, Christos; Sinanoglou, Vassilia J; Miniadis-Meimaroglou, Sofia; ","EPA, DHA, cholesterol and phospholipid content in Pagrus pagrus (cultured and wild), Trachinus draco and Trigla lyra from Mediterranean Sea",Chemistry and physics of lipids,163,3,292-299,2010,Elsevier,
"Bragagnolo N., Rodriguez-Amaya D.B. (2001). Total lipid, cholesterol, and fatty acids of farmed freshwater prawn (Macrobrachium rosenbergii) and wild marine shrimp (Penaeus brasiliensis, Penaeus schimitti, Xiphopenaeus kroyeri). Journal of Food Composition and Analysis 14: 359-369",25,"Bragagnolo, N; Rodriguez-Amaya, DB; ","Total lipid, cholesterol, and fatty acids of farmed freshwater prawn (Macrobrachium rosenbergii) and wild marine shrimp (Penaeus brasiliensis, Penaeus schimitti, Xiphopenaeus kroyeri)",Journal of Food Composition and Analysis,14,4,359-369,2001,Elsevier,
"Osako K., Saito H., Weng W., Kuwahara K., Tanaka M. (2009). Lipid characteristics of coastal migratory Sarda orientalis tissues. Fish Sci 75: 1055-1066",136,"Osako, Kazufumi; Saito, Hiroaki; Weng, Wuyin; Kuwahara, Koichi; Tanaka, Munehiko; ",Lipid characteristics of coastal migratory Sarda orientalis tissues,Fisheries Science,75,4,1055,2009,Springer,
"Õ_zyurt G. Duysak Õ_., Akamca E., Tureli C. (2006). Seasonal changes of fatty acids of cuttlefish Sepia officinalis L. (Mollusca: Cephalopoda) in the north eastern Mediterranean sea. Food Chemistry 95: 382-385",153,"ƒzyurt, Gulsun; Duysak, ƒnder; Akamca, Erhan; Tureli, Canan; ",Seasonal changes of fatty acids of cuttlefish Sepia officinalis L.(Mollusca: Cephalopoda) in the north eastern Mediterranean sea,Food chemistry,95,3,382-385,2006,Elsevier,
"Bandarra N.M., Batista I., Nunes M.L., Empis J.M. (2001). Seasonal variation in the chemical composition of horse-mackerel (Trachurus trachurus). Eur Food Res Technol 212: 535-539",12,"Bandarra, Narcisa M; Batista, Irineu; Nunes, Maria L; Empis, Jos_ M; ",Seasonal variation in the chemical composition of horse-mackerel (Trachurus trachurus),European Food Research and Technology,212,5,535-539,2001,Springer,
"Aggelousis G., Lazos E.S. (1990). Fatty acid composition of the lipids from eight freshwater fish species from Greece. Journal of Food Composition and Analaysis 4: 68-76",2,"Aggelousis, George; Lazos, Evangelos S; ",Fatty acid composition of the lipids from eight freshwater fish species from Greece,Journal of food Composition and Analysis,4,1,68-76,1991,Elsevier,
"Visentainer J.V., D'Addio Noffs M., de Oliveira Carvalho P., de Almeida V.V., de Oliveira C.C., de Souza N.E. (2007). Lipid content and fatty acid composition of 15 marine fish species from the Southeast coast of Brazil. Journal of the American Oil Chemists' Society, 84(6): 543-547",203,"Visentainer, JesuÍ VergÍlio; Noffs, Maximiliano DêAddio; de Oliveira Carvalho, Patricia; de Almeida, Vanessa Vivian; de Oliveira, Clˆudio Celestino; de Souza, Nilson Evelˆzio; ",Lipid content and fatty acid composition of 15 marine fish species from the southeast coast of Brazil,Journal of the American Oil Chemists' Society,84,6,543-547,2007,Springer,
"Rasoarahona J.R.E., Ramanoelina P.A.R., Bianchini J.-P., Gaydou E.M. (2008). Muscle lipids and fatty acid profiles of the sea catfish (Arius madagascariensis) in Madagascar inland waters. Journal of the American Oil Chemist's Society 85(5): 435-440",166,"Rasoarahona, JRE; Ramanoelina, PAR; Bianchini, J-P; Gaydou, EM; ",Muscle lipids and fatty acid profiles of the sea catfish (Arius madagascariensis) in Madagascar inland waters,Journal of the American Oil Chemists' Society,85,5,435-440,2008,Springer,
"Osman H., Suriah A.R., Law E.C. (2001). Fatty acid composition and cholesterol content of selected marine fish in Malaysian waters. Food Chemistry 73: 55-60",138,"Osman, H; Suriah, AR; Law, EC; ",Fatty acid composition and cholesterol content of selected marine fish in Malaysian waters,Food chemistry,73,1,55-60,2001,Elsevier,
"Mairesse G., Thomas M., Gardeur J.N., Brun - Bellut J. (2006). Effects of Geographic Source, Rearing System, and Season on the Nutritional Quality of Wild and Farmed Perca fluviatilis. Lipids 61 (3): 221 - 229",105,"Mairesse, Guillaume; Thomas, Marielle; Gardeur, Jean_Noïl; Brun_Bellut, Jean; ","Effects of geographic source, rearing system, and season on the nutritional quality of wild and farmed Perca fluviatilis",Lipids,41,3,221-229,2006,Wiley Online Library,
"RodrÕ_guez C., Acosta C., BadÕ_a P., Cejas J.R., SantamarÕ_a F.J., Lorenzo A. (2004). Assessment of lipid and essential fatty acids requirements of black seabream (Spondyliosoma cantharus) by comparison of lipid composition in muscle and liver of wild and captive adult fish. Comparative Biochemistry and Physiology, PartB 139:619-629",170,"RodrÍguez, Covadonga; Acosta, Carolina; BadÍa, Pilar; Cejas, Juana Rosa; SantamarÍa, Francisco Javier; Lorenzo, Antonio; ",Assessment of lipid and essential fatty acids requirements of black seabream (Spondyliosoma cantharus) by comparison of lipid composition in muscle and liver of wild and captive adult fish,Comparative Biochemistry and Physiology Part B: Biochemistry and Molecular Biology,139,4,619-629,2004,Elsevier,
"Saito H., Ishihara K. (1996). Docosahexaenoic acid content of fatty acids in lipids of two species of frigate mackerel, Auxis rocheri and Auxis thazard. Biosci. Biotech. Biochem. 60(6): 1014-1016",176,"Saito, Hiroaki; Ishihara, Kenji; ","Docosahexaenoic acid content of fatty acids in the lipids of two species of frigate mackerel, Auxis rocheri and Auxis thazard","Bioscience, biotechnology, and biochemistry",60,6,1014-1016,1996,"Japan Society for Bioscience, Biotechnology, and Agrochemistry",
"Appavoo et al, 1991",8,"Appavoo, Donna M; Kubow, Stan; Kuhnlein, Harriet V; ",Lipid composition of indigenous foods eaten by the Sahtu (Hareskin) Dene-Metis of the Northwest Territories,Journal of Food Composition and Analysis,4,2,107-119,1991,Elsevier,
MÕ©ndez E. GonzÕçlez R.M. (1997). Seasonal changes in the chemical and lipid composition of fillets of the Southwest Atlantic hake (Merluccius hubbsi). Food Chemistry 59(2): 213-217,116,"M_ndez, Eduardo; Gonzˆlez, Ruth M; ",Seasonal changes in the chemical and lipid composition of fillets of the Southwest Atlantic hake (Merluccius hubbsi),Food chemistry,59,2,213-217,1997,Elsevier,
"Rasoarahona J.R.E., Barnathan G., Bianchini J.-P., Gaydou E.M. (2005). Influence of season on the lipid content and fatty acid profiles of three tilapia species (Oreochromis niloticus, O. macrochir and Tilapia rendalli) from Madagascar. Food Chemistry 91:683-694",165,"Rasoarahona, Jean RE; Barnathan, Gilles; Bianchini, Jean-Pierre; Gaydou, Emile M; ","Influence of season on the lipid content and fatty acid profiles of three tilapia species (Oreochromis niloticus, O. macrochir and Tilapia rendalli) from Madagascar",Food Chemistry,91,4,683-694,2005,Elsevier,
"Kuhnlein et al, 1991",85,"Kuhnlein, Harriet V; Kubow, Stan; Soueida, Rula; ",Lipid components of traditional Inuit foods and diets of Baffin Island,Journal of Food Composition and Analysis,4,3,227-236,1991,Elsevier,
"Belinsky et al, 1996",17,"Belinsky, DL; Kuhnlein, HV; Yeboah, F; Penn, AF; Chan, HM; ",Composition of fish consumed by the James Bay Cree,Journal of Food Composition and Analysis,9,2,148-162,1996,Elsevier,
"Kuhnlein et al, 1994",86,"Kuhnlein, Harriet V; Appavoo, Donna; Morrison, Natalia; Soueida, Rula; Pierrot, Patricia; ",Use and nutrient composition of traditional Sahtì (Hareskin) Dene/M_tis foods,Journal of Food Composition and Analysis,7,3,144-157,1994,Elsevier,
"Kuhnlein et al, 2002",87,"Kuhnleini, Harriet V; Soueida, Rula; ",Use and nutrient composition of traditional Baffin Inuit foods,Journal of Food Composition and Analysis,5,2,112-126,1992,Elsevier,
"Kuhnlein &Soueida, 1992",84,"Kuhnleini, Harriet V; Soueida, Rula; ",Use and nutrient composition of traditional Baffin Inuit foods,Journal of Food Composition and Analysis,5,2,112-126,1992,Elsevier,
"Ostermeyer U., Schmidt T. (2006). Vitamin D and provitamin D in fish. Eur Food Res Technol 222:403-413",140,"Ostermeyer, Ute; Schmidt, Thomas; ",Vitamin D and provitamin D in fish,European Food Research and Technology,222,04-Mar,403,2006,Springer,
"Ostermeyer U., Schmidt T. (2006). vitamin D and provitamin D in fish. Eur Food Res Technol 222:403-413",139,"Ostermeyer, Ute; Schmidt, Thomas; ",Vitamin D and provitamin D in fish,European Food Research and Technology,222,04-Mar,403,2006,Springer,
"Mattila P., Piironen V. Uusi-Rauva E., Koivistoinen P. (1995). Cholecalciferol and 25-hydroxycholecalciferol contents in fish and fish products. Journal of Food Composition and Analysis 8: 232-243",113,"Mattila, Pirjo; Piironen, Vieno; Uusi-Rauva, Esko; Koivistoinen, Pekka; ",Cholecalciferol and 25-hydroxycholecalciferol contents in fish and fish products,Journal of food composition and analysis,8,3,232-243,1995,Elsevier,
"Mattila P., Piironen V. Uusi-Rauva E., Koivistoinen P. (1995). cholecalciferol and 25-hydroxycholecalciferol contents in fish and fish products. Journal of Food Composition and Analysis 8: 232-243",112,"Mattila, Pirjo; Piironen, Vieno; Uusi-Rauva, Esko; Koivistoinen, Pekka; ",Cholecalciferol and 25-hydroxycholecalciferol contents in fish and fish products,Journal of food composition and analysis,8,3,232-243,1995,Elsevier,
"Mathew S., Ammu K. Viswanathan N.P.G., Devadasan K. (1999). Cholesterol content of Indian fish and shellfish. Food Chemistry 66: 455-461",111,"Mathew, Suseela; Ammu, K; Nair, PG Viswanathan; Devadasan, K; ",Cholesterol content of Indian fish and shellfish,Food Chemistry,66,4,455-461,1999,Elsevier,
"Mattila P., Ronkainen R., Lehikoinen K., Piironen V. (1999). Effect of household cooking on the Vitamin D content in fish, eggs, and wild mushrooms. Journal of Food Composition and Analysis 12: 153-160",115,"Mattila, Pirjo; Ronkainen, Riitta; Lehikoinen, Kaisa; Piironen, Vieno; ","Effect of household cooking on the vitamin D content in fish, eggs, and wild mushrooms",Journal of Food Composition and Analysis,12,3,153-160,1999,Elsevier,
"Mattila P., Ronkainen R., Lehikoinen K., Piironen V. (1999). Effect of household cooking on the vitamin D content in fish, eggs, and wild mushrooms. Journal of Food Composition and Analysis 12: 153-160",114,"Mattila, Pirjo; Ronkainen, Riitta; Lehikoinen, Kaisa; Piironen, Vieno; ","Effect of household cooking on the vitamin D content in fish, eggs, and wild mushrooms",Journal of Food Composition and Analysis,12,3,153-160,1999,Elsevier,
"Luzia L.A., Sampaio G.R., Castellucci C.M.N., Torres E.A.F.S. (2003). The influence of season on the lipid profiles of five commercially important species of Brazilian fish. Food Chemistry 83: 93 - 97",99,"Luzia, Liania A; Sampaio, Geni R; Castellucci, Clˆudia MN; Torres, Elizabeth AFS; ",The influence of season on the lipid profiles of five commercially important species of Brazilian fish,Food chemistry,83,1,93-97,2003,Elsevier,
"Stanek M., Kupcewicz B., Dabrowski J., Janicki B. (2010). Estimation of Fat content and Fatty acids profile in the meat of spiny - cheek crayfish (Orconeces Limosus Raf.) from the Brda river and the lake Goplo). Journal Central European Agriculture 11: 297 - 304",188,"Stanek, Magdalena; KUPCEWICZ, Bogumi_a; D_BROWSKI, Janusz; Janicki, Bogdan; ",Estimation of fat content and fatty acids profile in the meat of spinycheek crayfish (Orconectes limosus Raf.) from the Brda river and the lake Gop_o,Journal of Central European Agriculture,11,3,297-304,2010,Agronomski fakultet Zagreb,
"Surtt J., Lee H.J., Kwon H. (2009). Regional Difference in Fatty Acid Content of Korean Shellfish. Food Sci. Biotechnol 18: 367 - 373",192,"Surh, Jeonghee; Lee, Hae-Jeung; Kwon, Hoonjeong; ",Regional difference in fatty acid content of Korean shellfish,Food Science and Biotechnology,18,2,367-373,2009,,
"Kwetegyeka J., Mpango G., Grahl-Nielsen O. (2008). Variation in fatty acid composition in muscle and heart tissues among species and populations of tropical fish in Lakes Victoria and Kyoga. Lipids 43: 1017-1029",89,"Kwetegyeka, Justus; Mpango, George; Grahl-Nielsen, Otto; ",Variation in fatty acid composition in muscle and heart tissues among species and populations of tropical fish in Lakes Victoria and Kyoga,Lipids,43,11,1017-1029,2008,Springer,
"Bachok Z., Meziane T., Mfilinge P.L., Tsuchiaya M. (2009). Fatty acid markers as an indicator for temporal changes in food sources of the bivalve Quidnipagus palatum. Aquatic Ecosystem Health Management 12: 390-400",9,"Bachok, Zainudin; Meziane, Tarik; Mfilinge, Prosper L; Tsuchiya, Makoto; ",Fatty acid markers as an indicator for temporal changes in food sources of the bivalve Quidnipagus palatum,Aquatic Ecosystem Health & Management,12,4,390-400,2009,Taylor & Francis,
"Gladyshev M.I., Sushchik N.N., Gubanenko G.A., Demirchieva S.M., Kalachova G.S. (2007). Effect of boiling and frying on the content of essential polyunsaturated fatty acids in muscle tissue of four fish species. Food Chemistry 101:1694-1700",51,"Gladyshev, Michail I; Sushchik, Nadezhda N; Gubanenko, Galina A; Demirchieva, Sevilia M; Kalachova, Galina S; ",Effect of boiling and frying on the content of essential polyunsaturated fatty acids in muscle tissue of four fish species,Food Chemistry,101,4,1694-1700,2007,Elsevier,
"Cripps G.C., Watkins J.L., Hill H.J., Atkinson A. (1999). Fatty acid content of Antartic krill Euphausia superba at South Georgia related to regional populations and variations in diet. Mar. Ecol. Prog. Ser. 181: 177-188",36,"Cripps, GC; Watkins, JL; Hill, HJ; Atkinson, A; ",Fatty acid content of Antarctic krill Euphausia superba at South Georgia related to regional populations and variations in diet,Marine Ecology Progress Series,181,,177-188,1999,,
"N. Bragagnolo and D. B. Rodriguez-Amaya, Total Lipid, Cholesterol, and Fatty Acids of Farmed Freshwater Prawn (Macrobrachium rosenbergii) and Wild Marine Shrimp (Penaeus brasiliensis, Penaeus schimitti, Xiphopenaeus kroyeri), JOURNAL OF FOOD COMPOSITION AND ANALYSIS (2001) 14, 359d369",121,"Bragagnolo, N., and D. B. Rodriguez-Amaya","Total lipid, cholesterol, and fatty acids of farmed freshwater prawn (Macrobrachium rosenbergii) and wild marine shrimp (Penaeus brasiliensis, Penaeus schimitti, Xiphopenaeus kroyeri).",Journal of Food Composition and Analysis,14,4,359-369,2001,Elsevier,
Sriket et al. 2006. Comparative studies on chemical composition and thermal properties of black tiger shrimp. Food Chemistry,187,"Sriket, Pisal; Benjakul, Soottawat; Visessanguan, Wonnop; Kijroongrojana, Kongkarn; ",Comparative studies on chemical composition and thermal properties of black tiger shrimp (Penaeus monodon) and white shrimp (Penaeus vannamei) meats,Food chemistry,103,4,1199-1207,2007,Elsevier,
"Gladyshev M.I., Sushchik N.N., Gubanenko G.A., Demirchieva S.M., Kalachova G.S. (2006). Effect of way of cooking on content of essential polyunsaturated fatty acids in muscle tissue of humpback salmon (Oncorhynchus gorbuscha). Food Chemistry 96: 446-451",50,"Gladyshev, Michail I; Sushchik, Nadezhda N; Gubanenko, Galina A; Demirchieva, Sevilia M; Kalachova, Galina S; ",Effect of way of cooking on content of essential polyunsaturated fatty acids in muscle tissue of humpback salmon (Oncorhynchus gorbuscha),Food Chemistry,96,3,446-451,2006,Elsevier,
"Sushchik N.N., Gladyshev M.I., Kalachova G.S. (2007). Seasonal dynamics on fatty acid content of a common food fish from the Yenisei river, Serbian grayling, Thymallus arcticus. Food Chemistry 104: 1353 - 1358",193,"Sushchik, Nadezhda N; Gladyshev, Michail I; Kalachova, Galina S; ","Seasonal dynamics of fatty acid content of a common food fish from the Yenisei river, Siberian grayling, Thymallus arcticus",Food Chemistry,104,4,1353-1358,2007,Elsevier,
"Skonberg, Denise I., and Brian L. Perkins. ""Nutrient composition of green crab (Carcinus maenus) leg meat and claw meat.""ë_Food Chemistryë_77.4 (2002): 401-404.",186,"Skonberg, Denise I; Perkins, Brian L; ",Nutrient composition of green crab (Carcinus maenus) leg meat and claw meat,Food chemistry,77,4,401-404,2002,Elsevier,
"ÅÅuczyÅ†ska J., ToÅ†ska E., ÅÅuczyÅ†ski M. (2009). Essential mineral cmponents in the muscles of six freshwater fish from the Mazurian Great Lakes (northeastern Poland). Arch Pol Fish 17: 171-178",98,"_uczy_ska, Joanna; To_ska, El_bieta; _uczy_ski, Marek J; ",Essential mineral components in the muscles of six freshwater fish from the Mazurian Great Lakes (northeastern Poland),Fisheries & Aquatic Life,17,4,171-178,2009,,
"M. S. Astorga EspaÕ±a, E. M. RodrÕ_guez RodrÕ_guez & C. DÕ_az Romero (2005) Sodium, K, Ca, Mg, Fe, Cu, and Zn concentrations in molluscs from the Magellan Strait (Chile): Their contribution to dietary intake, International Journal of Food Sciences and Nutrition, 56:5, 337-347",101,"ROMERO, C DêAZ; ","Sodium, K, Ca, Mg, Fe, Cu, and Zn concentrations in molluscs from the Magellan Strait (Chile): their contribution to dietary intake",International journal of food sciences and nutrition,56,5,347,2005,,
"Teeny F.M., Gauglitz Jr. E.J., Hall A.S., Houle C.R.(1984). Mineral composition of the edible muscle tissue of seven species of fish from the Northeast Pacific. J. Agric. Food Chem. 32: 852-855",197,"Teeny, FM; Gauglitz Jr, EJ; Hall, AS; Houle, CR; ",Mineral composition of the edible muscle tissue of seven species of fish from the Northeast Pacific,Journal of Agricultural and Food Chemistry,32,4,852-855,1984,ACS Publications,
"Roos N., Wahab Md. A., Chamnan C., Thilsted S.H. (2007). The role of fish in food-based-strategies to combat Vitamin A and mineral deficiencies in developing countries. Journal of Nutrition 137(4): 1106-1109",172,"Roos, Nanna; Wahab, Md Abdul; Chamnan, Chhoun; Thilsted, Shakuntala H; ",The role of fish in food-based strategies to combat vitamin A and mineral deficiencies in developing countries,The journal of Nutrition,137,4,1106-1109,2007,Oxford University Press,
"Karakoltsidis, P. A., Zotos, A., & Constantinides, M. (1995). Composition of the commercially important mediterranean finfish, crustaceans, and molluscs. Journal of Food Composition and Analysis, 8, 258_Ñ_273.",76,"Karakoltsidis, Pavlos A; Zotos, Anastasios; Constantinides, Spiros M; ","Composition of the commercially important Mediterranean finfish, crustaceans, and molluscs",Journal of food composition and analysis,8,3,258-273,1995,Elsevier,
"Roos N., Thorseng H., Chamnan C., Larsen T., Gondolf U.H., Bukhave K., Haraksingh Tilsted S. (2007). Iron content in common Cambodian fish species: Perspectives for dietary iron intake in poor, rural housholds. Food Chemistry 104: 1226 - 1235",171,"Roos, N., Thorseng, H., Chamnan, C., Larsen, T., Gondolf, U. H., Bukhave, K., & Thilsted, S. H","Iron content in common Cambodian fish species: perspectives for dietary iron intake in poor, rural households.",Food Chemistry,104,3,1226-1235,2007,Elsevier,
"Anthony, Jane E., et al. ""Yields, proximate composition and mineral content of finfish and shellfish.""ë_Journal of Food Scienceë_48.1 (1983): 313-314.",6,"Anthony, J. E., Hadgis, P. N., Milam, R. S., Herzfeld, G. A., Taper, L. J., & Ritchey, S. J.","Yields, proximate composition and mineral content of finfish and shellfis",Journal of Food Science,48,1,313-314,1983,Wiley Online Library,
"GÕ_koÕçlu, Nalan, and PÕ_nar Yerlikaya. ""Determinaton of proximate composition and mineral contents of blue crab (Callinectes sapidus) and swim crab (Portunus pelagicus) caught off the Gulf of Antalya.""ë_Food Chemistryë_80.4 (2003): 495-498.",53,"G_ko_lu, Nalan, and P_nar Yerlikaya",Determinaton of proximate composition and mineral contents of blue crab (Callinectes sapidus) and swim crab (Portunus pelagicus) caught off the Gulf of Antalya.,Food chemistry,80,4,495-498,2003,Elsevier,
"Zied Zarai,a__‹ Fakher Frikha,a Rafik Balti,b Nabil Miled,a Youssef Gargouria and Hafedh Mejdouba. Nutrient composition of the marine snail (Hexaplex trunculus) from the Tunisian Mediterranean coasts. JSciFoodAgric2011;91:1265_Ñ_1270. 2011",216,"Zarai, Z., Frikha, F., Balti, R., Miled, N., Gargouri, Y., & Mejdoub, H",Nutrient composition of the marine snail (Hexaplex trunculus) from the Tunisian Mediterranean coasts,Journal of the Science of Food and Agriculture,91,7,1265-1270,2011,Wiley Online Library,
"Barrento S., Marques A., Teixeira B., Vaz-Pires P., Carvalho M.L., Nunes M.L. (2008). Essential elements and contaminants in edible tissues of European and American lobsters. Food Chemistry 111: 862-867",13,"Barrento, Sara; Marques, Ant„nio; Teixeira, Bˆrbara; Vaz-Pires, Paulo; Carvalho, Maria LuÍsa; Nunes, Maria Leonor; ",Essential elements and contaminants in edible tissues of European and American lobsters,Food chemistry,111,4,862-867,2008,Elsevier,
"Lourenco H.M., Anacleto P., Afonso C., Ferraria V., Martins M.F., Carvalho M.L., Lino A.R., Nunes M.L. (2009). Elemental composition of cephalopods from Portuguese continental waters. Food Chemistry 113: 1146-1153",96,"Lourenço, HM; Anacleto, P; Afonso, C; Ferraria, V; Martins, MF; Carvalho, ML; Lino, AR; Nunes, ML; ",Elemental composition of cephalopods from Portuguese continental waters,Food Chemistry,113,4,1146-1153,2009,Elsevier,
"Karnjanapratum, Supatra, et al. ""Chemical compositions and nutritional value of Asian hard clam (Meretrix lusoria) from the coast of Andaman Sea."" Food chemistry 141.4 (2013): 4138-4145.",79,"Karnjanapratum, Supatra; Benjakul, Soottawat; Kishimura, Hideki; Tsai, Yung-Hsiang; ",Chemical compositions and nutritional value of Asian hard clam (Meretrix lusoria) from the coast of Andaman Sea,Food chemistry,141,4,4138-4145,2013,Elsevier,
"Yanar and Celik, Seasonal amino acid profiles and mineral contents of green tiger shrimp (Penaeus semisulcatus De Haan, 1844) and speckled shrimp (Metapenaeus monoceros Fabricus, 1789)from the Eastern Mediterranean, Food Chemistry, 2006.",211,"Yanar, Yasemen; Celik, Mehmet; ","Seasonal amino acid profiles and mineral contents of green tiger shrimp (Penaeus semisulcatus De Haan, 1844) and speckled shrimp (Metapenaeus monoceros Fabricus, 1789) from the Eastern Mediterranean",Food Chemistry,94,1,33-36,2006,Elsevier,
"M.S. Astorga-EspaÕ±a, E.M. RodrÕ_guez-RodrÕ_guez, C. DÕ_az-Romero, Comparison of mineral and trace element concentrations in two molluscs from the Strait of Magellan (Chile) Journal of Food Composition and Analysis, 20 (3-4) (2007), pp. 273_Ñ_279",102,"Espa_a, MS Astorga; RodrÍguez, EM RodrÍguez; Romero, C DÍaz; ",Comparison of mineral and trace element concentrations in two molluscs from the Strait of Magellan (Chile),Journal of food composition and analysis,20,04-Mar,273-279,2007,Elsevier,
"BilandÅ_i—_, Nina, et al. ""Element differences and evaluation of the dietary intake from farmed oysters and mussels collected at different sites along the Croatian coast of the Adriatic Sea.""ë_Journal of Food Composition and Analysisë_45 (2016): 39-49.",20,"Biland_i_, Nina; Sedak, Marija; _alopek, Bruno; Zrn_i_, Snje_ana; Orai_, Dra_en; Beni_, Miroslav; D_afi_, Natalija; Ostoji_, Dijana Mi_eti_; Bogdanovi_, Tanja; Petri_evi_, Sandra; ",Element differences and evaluation of the dietary intake from farmed oysters and mussels collected at different sites along the Croatian coast of the Adriatic Sea,Journal of Food Composition and Analysis,45,,39-49,2016,Elsevier,
"LourenÕ_o H.M., Anacleto P., Afonso C., Martins M.F., Carvalho M.L., Lino A.R., Nunes M.L. (2009). Chemical characterisation of Nephrops norvegicus from the Portuguese coast. J Sci Food Agric 89: 2572-2580",97,"Lourenço, Helena M; Anacleto, PatrÍcia; Afonso, Clˆudia; Martins, Maria F; Carvalho, Maria L; Lino, Ana R; Nunes, Maria L; ",Chemical characterisation of Nephrops norvegicus from Portuguese coast,Journal of the Science of Food and Agriculture,89,15,2572-2580,2009,Wiley Online Library,
"Gokoglu, Nalan, Mehmet Gokoglu, and Pinar Yerlikaya. ""Seasonal variations in proximate and elemental composition of pearl oyster (Pinctada radiata, Leach, 1814).""ë_Journal of the Science of Food and Agricultureë_86.13 (2006): 2161-2165.",54,"Gokoglu, Nalan; Gokoglu, Mehmet; Yerlikaya, Pinar; ","Seasonal variations in proximate and elemental composition of pearl oyster (Pinctada radiata, Leach, 1814)",Journal of the Science of Food and Agriculture,86,13,2161-2165,2006,Wiley Online Library,
"GÕ_ksu M.Z., Akar M., Cevik F., Findik Õ_. (2005). Bioaccumulation of some heavy metals (Cd, Fe, Zn, Cu) in two bivalvia species (Pinctada radiata, Leach 1814 and Brachidontes pharaonis, Fischer 1870). Turk J Vet Anim Sci 29: 89-93",55,"G_ksu, Mônir Ziya Lugal; Akar, Mustafa; Cevik, Fatma; Findik, ƒzlem; ","Bioaccumulation of some heavy metals (Cd, Fe, Zn, Cu) in two bivalvia species (Pinctada radiata Leach, 1814 and Brachidontes pharaonis Fischer, 1870)",Turkish Journal of Veterinary and Animal Sciences,29,1,89-93,2005,The Scientific and Technological Research Council of Turkey,
http://www.sciencedirect.com.ezproxy.library.ubc.ca/science/article/pii/S0308814608007796,64,,,,,,,,,
"Ke-Ji Jiang , Feng-Ying Zhang , Yan Pi , Li-Li Jiang , Zhong-Li Yu , Dan Zhang , Man-Man Sun , Lu-Jiao Gao , Zhen-Guo Qiao & Ling-Bo Ma (2014) Amino Acid, Fatty Acid, and Metal Compositions in Edible Parts of Three Cultured Economic Crabs: Scylla paramamosain, Portunus trituberculatus, and Eriocheir sinensis , Journal of Aquatic Food Product Technology, 23:1, 73-86, DOI: 10.1080/10498850.2012.695761",80,"Jiang, Ke-Ji; Zhang, Feng-Ying; Pi, Yan; Jiang, Li-Li; Yu, Zhong-Li; Zhang, Dan; Sun, Man-Man; Gao, Lu-Jiao; Qiao, Zhen-Guo; Ma, Ling-Bo; ","Amino acid, fatty acid, and metal compositions in edible parts of three cultured economic crabs: Scylla paramamosain, Portunus trituberculatus, and Eriocheir sinensis",Journal of Aquatic Food Product Technology,23,1,73-86,2014,Taylor & Francis,
"Barrento, Sara, et al. ""Essential elements and contaminants in edible tissues of European and American lobsters.""ë_Food chemistryë_111.4 (2008): 862-867.",15,"Barrento, Sara; Marques, Antonio; Teixeira, Barbara; Vaz-Pires, Paulo; Nunes, Maria Leonor; ",Nutritional quality of the edible tissues of European lobster Homarus gammarus and American lobster Homarus americanus,Journal of agricultural and food chemistry,57,9,3645-3652,2009,ACS Publications,
"Yap C.K., Ismail A., Tan S.G. (2004). Heavy metal (Cd, Cu, Pb and Zn) concentrations in the green-lipped mussel Perna viridis (Linnaeus) collected from some wild and aquacultural sites in the west coast of Peninsular Malaysia. Food Chemistry 84: 569-575",213,"Yap, Chee Kong; Ismail, A; Tan, Soon Guan; ","Heavy metal (Cd, Cu, Pb and Zn) concentrations in the green-lipped mussel Perna viridis (Linnaeus) collected from some wild and aquacultural sites in the west coast of Peninsular Malaysia",Food Chemistry,84,4,569-575,2004,Elsevier,
"Eslami S., Hajizadeh Moghaddam A., Jafari N., Nabavi S.F., Nabavi M.S., Ebrahimzadeh M.A. (2010). Trace element level in different tissues of Rutilus frisii kutum collected from Tajan river, Iran. Biological Trace Element Research 1-9 (article in press)",45,"Eslami, S., Moghaddam, A. H., Jafari, N., Nabavi, S. F., Nabavi, S. M., & Ebrahimzadeh, M. A._","Trace element level in different tissues of Rutilus frisii kutum collected from Tajan River, Iran.",Biological Trace Element Research,143,2,965-973,2011,Springer,
"Sankar, T. V., Anandan, R., Mathew, S., Asha, K. K., Lakshmanan, P. T., Varkey, J., ... & Mohanty, B. P. (2013). Chemical composition and nutritional value of Anchovy (Stolephorus commersonii) caught from Kerala Coast, India. Eur. J. Exp. Biol, 3(1), 85-89.",177,"Sankar, TV; Anandan, R; Mathew, Suseela; Asha, KK; Lakshmanan, PT; Varkey, Jones; Aneesh, PA; Mohanty, BP; ","Chemical composition and nutritional value of Anchovy (Stolephorus commersonii) caught from Kerala coast, India",European journal of experimental biology,3,1,85-89,2013,,
"Exler, J. (1987). Composition of foods: finfish and shellfish products, raw, processed, prepared. Agriculture Handbook Number 8-15. US Department of Agriculture, Human Nutrition Information Service.",46,"Exler, Jacob; ","Composition of foods: finfish and shellfish products: raw, processed, prepared",,,8,,1987,"US Department of Agriculture, Human Nutrition Information Service",